index,121,124,127,130,133,136,139,142,145,148,148,152,157,160,163,178,181,184,187,190,196,193,199,202,205,208,211,214,217,220
index,,,,,,,,,,,,,,,,,,,,,,,,,,,,,,
time,8:47:42  1.11.2023,8:53:41  1.11.2023,8:59:37  1.11.2023,9:08:20  1.11.2023,9:14:56  1.11.2023,9:21:09  1.11.2023,9:27:20  1.11.2023,9:33:25  1.11.2023,9:39:27  1.11.2023,9:46:15  1.11.2023,9:46:15  1.11.2023,9:56:19  1.11.2023,10:06:21  1.11.2023,10:12:46  1.11.2023,10:19:14  1.11.2023,15:41:25  1.11.2023,15:50:13  1.11.2023,15:57:03  1.11.2023,16:03:42  1.11.2023,16:10:10  1.11.2023,16:24:43  1.11.2023,16:16:44  1.11.2023,16:30:28  1.11.2023,16:36:47  1.11.2023,16:44:32  1.11.2023,16:51:19  1.11.2023,16:57:56  1.11.2023,17:04:23  1.11.2023,17:10:56  1.11.2023,17:17:26  1.11.2023
id,OJIP,OJIP,OJIP,OJIP,OJIP,OJIP,OJIP,OJIP,OJIP,OJIP,OJIP,OJIP,OJIP,OJIP,OJIP,OJIP,OJIP,OJIP,OJIP,OJIP,OJIP,OJIP,OJIP,OJIP,OJIP,OJIP,OJIP,OJIP,OJIP,OJIP
11,269,289,289,299,299,309,299,299,309,299,299,299,289,299,289,296,329,338,348,348,358,358,358,358,358,368,358,347,347,351
21,2143,2223,2233,2652,2841,2801,2971,3010,3010,3260,3260,2961,3449,3449,3509,1899,2083,2093,2422,2422,2392,2352,2352,2323,2313,2402,2243,1631,1736,1538
31,2223,2283,2303,2761,2921,2891,3070,3120,3130,3379,3379,3110,3589,3589,3639,1956,2133,2173,2512,2452,2452,2442,2372,2372,2362,2462,2313,1698,1781,1576
41,2243,2332,2313,2811,2931,2961,3130,3160,3160,3429,3429,3160,3609,3629,3668,1985,2153,2203,2542,2442,2502,2432,2382,2402,2372,2462,2273,1701,1797,1573
51,2273,2372,2382,2851,2991,2961,3130,3200,3180,3449,3449,3190,3678,3639,3698,1988,2193,2173,2542,2542,2502,2492,2452,2432,2362,2492,2293,1688,1777,1586
61,2293,2382,2392,2841,3000,3000,3180,3210,3220,3489,3489,3210,3688,3668,3718,2010,2213,2243,2572,2492,2532,2462,2482,2432,2382,2472,2283,1691,1813,1576
71,2352,2422,2412,2921,3050,3070,3190,3270,3250,3509,3509,3250,3718,3708,3738,1998,2243,2213,2592,2542,2552,2462,2432,2442,2382,2502,2342,1694,1797,1592
81,2362,2442,2442,2941,3130,3080,3230,3270,3290,3589,3589,3290,3768,3738,3788,2055,2233,2243,2582,2552,2572,2512,2452,2452,2412,2482,2313,1694,1793,1573
91,2372,2472,2472,2951,3150,3090,3280,3320,3310,3569,3569,3310,3768,3738,3818,2049,2253,2293,2622,2562,2562,2502,2442,2472,2412,2492,2362,1694,1771,1573
101,2392,2482,2492,3000,3140,3130,3300,3359,3369,3599,3599,3320,3798,3828,3848,2074,2263,2303,2622,2592,2602,2512,2442,2462,2402,2482,2323,1688,1790,1580
111,2432,2532,2532,3010,3200,3180,3339,3379,3369,3629,3629,3359,3848,3818,3878,2074,2323,2303,2652,2592,2622,2502,2462,2502,2412,2522,2352,1691,1768,1592
121,2432,2542,2562,3060,3180,3210,3339,3409,3419,3678,3678,3399,3848,3848,3888,2074,2273,2323,2671,2622,2612,2532,2492,2522,2392,2502,2362,1688,1813,1596
131,2472,2562,2572,3080,3240,3220,3399,3429,3429,3688,3688,3399,3858,3858,3918,2100,2332,2342,2661,2592,2652,2572,2482,2512,2412,2482,2362,1698,1797,1576
141,2492,2562,2602,3110,3290,3270,3439,3439,3459,3708,3708,3489,3908,3908,3928,2125,2332,2352,2691,2632,2661,2562,2512,2512,2422,2552,2323,1717,1813,1583
151,2522,2602,2612,3150,3329,3300,3459,3499,3479,3728,3728,3489,3948,3908,3948,2129,2362,2382,2681,2642,2642,2572,2512,2542,2422,2542,2332,1698,1800,1624
161,2542,2642,2632,3210,3329,3349,3479,3519,3499,3778,3778,3529,3948,3928,3997,2135,2382,2382,2711,2671,2681,2572,2532,2562,2472,2542,2362,1723,1819,1570
171,2572,2652,2691,3210,3379,3339,3509,3579,3519,3748,3748,3519,3997,3968,3988,2160,2382,2392,2721,2691,2711,2592,2522,2532,2422,2552,2362,1694,1790,1586
181,2572,2711,2711,3240,3389,3379,3529,3579,3569,3798,3798,3549,3997,3978,4027,2170,2402,2412,2741,2701,2701,2602,2532,2572,2462,2522,2382,1701,1813,1599
191,2612,2721,2711,3270,3419,3399,3519,3599,3589,3848,3848,3579,4007,4017,4067,2196,2422,2422,2791,2691,2741,2592,2582,2582,2432,2552,2392,1707,1800,1608
201,2642,2701,2741,3310,3459,3439,3599,3629,3629,3858,3858,3629,4067,3997,4067,2180,2442,2432,2771,2721,2721,2622,2592,2562,2472,2522,2382,1717,1803,1576
211,2661,2761,2761,3349,3489,3489,3619,3678,3658,3848,3848,3629,4067,4017,4077,2199,2462,2452,2791,2741,2731,2622,2592,2602,2462,2552,2372,1707,1806,1618
221,2701,2801,2761,3349,3499,3519,3619,3698,3678,3858,3858,3649,4067,4037,4117,2208,2472,2472,2781,2731,2771,2602,2602,2572,2492,2552,2372,1714,1813,1573
231,2741,2831,2821,3379,3529,3529,3649,3688,3678,3938,3938,3658,4067,4087,4127,2234,2472,2492,2831,2741,2801,2642,2572,2632,2442,2542,2412,1685,1832,1596
241,2751,2791,2871,3409,3579,3539,3688,3718,3708,3968,3968,3688,4107,4087,4117,2240,2502,2492,2831,2781,2791,2652,2592,2592,2472,2532,2402,1685,1800,1586
251,2771,2831,2871,3419,3579,3609,3678,3748,3748,3948,3948,3728,4097,4107,4157,2256,2522,2502,2821,2751,2831,2681,2612,2632,2442,2592,2392,1691,1809,1580
261,2801,2871,2881,3479,3609,3609,3698,3768,3748,3948,3948,3758,4187,4117,4157,2266,2522,2512,2851,2841,2821,2652,2632,2632,2492,2562,2372,1710,1800,1602
271,2811,2911,2881,3479,3629,3658,3748,3818,3778,3968,3968,3798,4167,4147,4157,2288,2542,2532,2871,2821,2841,2681,2612,2652,2472,2592,2392,1710,1803,1583
281,2831,2931,2921,3509,3688,3658,3778,3828,3768,3968,3968,3798,4137,4187,4227,2263,2542,2582,2871,2821,2861,2671,2622,2652,2462,2562,2422,1675,1813,1608
291,2861,2961,2981,3549,3688,3698,3808,3848,3818,4057,4057,3858,4177,4157,4237,2311,2562,2552,2861,2821,2861,2681,2632,2681,2442,2582,2392,1707,1806,1586
301,2911,3000,2971,3569,3708,3708,3818,3858,3858,4047,4047,3838,4187,4187,4237,2317,2582,2602,2901,2871,2891,2691,2652,2681,2492,2592,2412,1694,1787,1589
311,2891,2981,3000,3589,3738,3718,3818,3898,3858,4047,4047,3848,4197,4217,4277,2346,2592,2622,2921,2871,2911,2681,2652,2661,2472,2562,2362,1730,1819,1605
321,2951,3030,3030,3609,3758,3788,3848,3898,3878,4057,4057,3868,4257,4197,4257,2314,2602,2612,2921,2881,2881,2681,2652,2701,2472,2582,2412,1698,1800,1592
331,2991,3040,3030,3639,3818,3748,3868,3918,3898,4107,4107,3908,4227,4237,4297,2368,2642,2622,2971,2891,2911,2701,2671,2691,2502,2602,2412,1714,1813,1596
341,2971,3060,3040,3658,3798,3808,3888,3938,3928,4117,4117,3898,4257,4237,4317,2349,2661,2652,2951,2911,2931,2721,2652,2681,2492,2592,2432,1710,1803,1586
351,3000,3100,3090,3678,3838,3798,3888,3978,3928,4107,4107,3938,4267,4257,4326,2381,2632,2652,2961,2921,2961,2721,2691,2671,2462,2592,2422,1694,1829,1599
361,3030,3110,3120,3688,3828,3848,3938,3948,3978,4127,4127,3928,4277,4257,4326,2368,2681,2661,2971,2911,2921,2721,2681,2711,2492,2602,2432,1714,1797,1583
371,3040,3100,3120,3718,3868,3888,3918,3978,3968,4117,4117,3988,4257,4297,4346,2400,2681,2701,2951,2941,2941,2751,2701,2721,2512,2632,2422,1701,1816,1611
381,3060,3130,3150,3748,3878,3888,3938,4027,3997,4147,4147,3968,4317,4277,4356,2422,2711,2701,3010,2951,2961,2771,2681,2691,2522,2592,2422,1733,1825,1602
391,3060,3150,3150,3728,3918,3898,3978,4017,4007,4177,4177,3978,4307,4297,4366,2384,2711,2652,3000,2921,3010,2751,2741,2721,2502,2622,2422,1694,1800,1608
401,3110,3210,3150,3778,3928,3928,3997,4037,4007,4207,4207,4017,4317,4317,4386,2416,2691,2741,3040,2931,2981,2771,2711,2711,2492,2622,2402,1707,1803,1583
411,3090,3180,3210,3798,3948,3968,4027,4087,4047,4197,4197,4057,4336,4317,4386,2445,2711,2711,3050,2971,3030,2751,2721,2701,2502,2612,2442,1714,1816,1611
421,3120,3210,3210,3838,3978,3978,4027,4097,4067,4227,4227,4047,4356,4326,4396,2451,2721,2741,3020,2951,3010,2781,2741,2741,2522,2632,2442,1701,1809,1605
431,3170,3230,3220,3818,4007,3968,4027,4067,4077,4227,4227,4077,4336,4336,4426,2454,2761,2771,3040,2981,3030,2751,2741,2771,2492,2632,2432,1736,1803,1618
441,3180,3250,3210,3878,3997,3978,4047,4087,4067,4217,4217,4077,4346,4356,4416,2457,2771,2771,3070,2951,3050,2801,2761,2721,2512,2602,2402,1698,1825,1586
451,3210,3280,3230,3858,4027,4017,4077,4127,4107,4287,4287,4107,4376,4376,4396,2464,2771,2791,3070,2991,3000,2781,2741,2771,2512,2622,2472,1726,1832,1618
461,3210,3310,3260,3888,4027,4057,4097,4147,4107,4257,4257,4057,4396,4366,4436,2492,2791,2761,3080,3030,3050,2781,2731,2761,2492,2632,2422,1688,1816,1602
471,3230,3310,3280,3898,4057,4047,4087,4137,4147,4237,4237,4127,4386,4366,4466,2502,2801,2801,3070,3020,3060,2811,2751,2781,2522,2622,2442,1701,1806,1599
481,3260,3349,3310,3928,4087,4057,4097,4147,4137,4287,4287,4157,4376,4406,4446,2496,2821,2821,3100,3040,3080,2781,2751,2751,2542,2622,2472,1710,1806,1615
491,3300,3310,3329,3908,4077,4087,4087,4167,4167,4287,4287,4147,4416,4396,4486,2521,2841,2811,3100,3030,3090,2801,2771,2781,2502,2642,2432,1717,1816,1596
501,3270,3359,3369,3948,4077,4097,4137,4167,4177,4297,4297,4157,4426,4416,4456,2486,2841,2791,3120,3020,3080,2821,2741,2781,2512,2652,2462,1714,1813,1615
511,3280,3359,3329,3997,4137,4117,4157,4197,4217,4287,4287,4187,4436,4456,4466,2502,2831,2871,3120,3060,3120,2821,2781,2801,2532,2622,2462,1723,1816,1605
521,3329,3389,3429,3978,4137,4137,4157,4207,4187,4317,4317,4187,4426,4416,4486,2524,2851,2881,3140,3050,3100,2811,2801,2811,2512,2671,2452,1704,1800,1618
531,3349,3379,3389,3997,4117,4187,4177,4237,4227,4326,4326,4207,4436,4436,4506,2547,2821,2851,3130,3100,3120,2831,2751,2791,2522,2622,2452,1730,1835,1583
541,3329,3419,3399,4007,4197,4167,4167,4227,4237,4317,4317,4187,4426,4436,4456,2544,2901,2871,3140,3070,3150,2861,2791,2791,2512,2632,2442,1701,1803,1611
551,3349,3389,3429,4027,4187,4187,4207,4267,4247,4336,4336,4217,4466,4426,4496,2556,2871,2901,3190,3090,3140,2841,2801,2781,2552,2652,2452,1701,1819,1608
561,3359,3459,3429,4037,4187,4177,4197,4277,4207,4366,4366,4247,4476,4446,4536,2556,2851,2911,3210,3120,3120,2861,2761,2831,2522,2642,2452,1736,1838,1602
571,3409,3419,3469,4067,4207,4167,4197,4267,4247,4386,4386,4217,4476,4456,4536,2569,2891,2851,3170,3110,3150,2871,2791,2811,2532,2671,2452,1704,1835,1592
581,3429,3449,3489,4047,4227,4227,4217,4257,4257,4366,4366,4257,4486,4486,4516,2617,2901,2921,3190,3100,3160,2861,2821,2861,2532,2632,2492,1730,1825,1618
591,3419,3489,3519,4107,4227,4227,4257,4307,4257,4386,4386,4237,4486,4466,4536,2569,2931,2921,3160,3130,3170,2841,2811,2821,2542,2681,2472,1723,1809,1621
601,3429,3499,3479,4087,4247,4247,4247,4317,4247,4376,4376,4257,4506,4466,4566,2601,2931,2921,3240,3110,3160,2871,2781,2851,2532,2661,2452,1669,1819,1615
611,3459,3509,3529,4127,4227,4257,4277,4326,4287,4416,4416,4307,4486,4506,4556,2611,2921,2921,3230,3140,3200,2871,2811,2841,2562,2642,2442,1726,1832,1615
1021,3958,3997,3958,4526,4675,4665,4566,4646,4616,4646,4646,4596,4685,4675,4695,2885,3270,3290,3489,3389,3469,3040,2991,2991,2602,2701,2512,1749,1835,1618
1121,3978,4057,4027,4596,4695,4695,4636,4675,4626,4665,4665,4626,4725,4665,4745,2911,3300,3280,3499,3419,3499,3020,2981,3020,2592,2741,2502,1746,1835,1618
1221,4027,4057,4077,4596,4755,4765,4616,4725,4616,4675,4675,4675,4715,4685,4745,2936,3300,3339,3509,3439,3509,3030,3010,3030,2642,2741,2522,1730,1844,1634
1321,4067,4107,4087,4636,4765,4745,4675,4735,4685,4685,4685,4675,4705,4675,4765,2955,3339,3320,3579,3459,3539,3070,3000,3040,2602,2751,2522,1742,1864,1624
1421,4097,4187,4137,4626,4775,4795,4655,4745,4695,4695,4695,4705,4735,4755,4785,2978,3369,3369,3569,3489,3559,3040,2991,3050,2602,2751,2542,1749,1844,1634
1521,4117,4177,4117,4685,4805,4815,4675,4765,4735,4705,4705,4745,4715,4715,4805,2981,3399,3389,3569,3499,3549,3080,3040,3050,2602,2761,2552,1733,1857,1627
1621,4157,4187,4147,4725,4845,4825,4705,4795,4715,4735,4735,4705,4765,4765,4805,3010,3359,3409,3579,3519,3589,3080,3030,3050,2642,2771,2552,1736,1835,1627
1721,4147,4207,4187,4725,4845,4855,4745,4765,4755,4725,4725,4745,4735,4725,4775,2994,3439,3379,3639,3509,3569,3070,3040,3060,2622,2781,2522,1771,1870,1621
1821,4207,4247,4187,4765,4825,4855,4715,4815,4775,4735,4735,4775,4735,4735,4805,3051,3399,3419,3649,3549,3619,3100,3060,3070,2642,2731,2542,1723,1848,1647
1921,4217,4247,4207,4775,4835,4895,4745,4835,4765,4775,4775,4765,4725,4735,4805,3006,3449,3419,3629,3519,3619,3140,3030,3080,2652,2741,2572,1736,1844,1624
2021,4207,4267,4287,4755,4855,4885,4745,4835,4775,4735,4735,4785,4755,4755,4835,3061,3469,3419,3658,3549,3609,3080,3070,3110,2622,2791,2572,1761,1860,1647
2121,4237,4267,4277,4785,4885,4865,4755,4815,4795,4755,4755,4785,4745,4775,4805,3064,3429,3459,3639,3579,3619,3090,3030,3090,2622,2791,2552,1746,1848,1618
2221,4277,4287,4267,4785,4885,4905,4805,4845,4815,4775,4775,4785,4765,4745,4815,3077,3479,3469,3629,3569,3649,3130,3070,3090,2622,2761,2542,1755,1844,1637
2321,4257,4307,4257,4795,4915,4885,4805,4845,4815,4765,4765,4775,4745,4735,4825,3057,3469,3459,3668,3569,3649,3130,3100,3110,2622,2761,2542,1742,1864,1634
2421,4267,4307,4287,4795,4945,4925,4785,4835,4855,4805,4805,4805,4755,4795,4805,3083,3499,3479,3688,3579,3649,3130,3060,3100,2661,2781,2562,1771,1864,1634
2521,4277,4326,4317,4825,4935,4935,4825,4855,4805,4795,4795,4835,4775,4755,4835,3057,3479,3449,3658,3569,3658,3140,3080,3120,2612,2771,2582,1758,1835,1608
2621,4277,4317,4317,4835,4925,4925,4815,4865,4825,4815,4815,4815,4785,4765,4825,3093,3499,3469,3678,3569,3649,3130,3070,3120,2661,2771,2562,1758,1838,1656
2721,4297,4346,4356,4825,4925,4945,4835,4905,4835,4775,4775,4875,4775,4765,4845,3096,3499,3479,3658,3609,3668,3140,3090,3110,2661,2791,2572,1761,1851,1627
2821,4297,4346,4336,4835,4925,4935,4815,4895,4825,4815,4815,4855,4765,4765,4835,3089,3539,3489,3698,3619,3658,3190,3070,3110,2652,2771,2572,1752,1838,1643
2921,4356,4356,4356,4845,4935,4955,4835,4885,4865,4815,4815,4845,4775,4785,4825,3086,3509,3489,3688,3579,3678,3140,3080,3130,2681,2791,2582,1742,1864,1643
3021,4356,4376,4356,4855,4935,4935,4845,4915,4845,4815,4815,4835,4755,4755,4855,3099,3499,3469,3678,3589,3668,3150,3100,3120,2671,2801,2592,1755,1857,1634
3121,4317,4366,4346,4845,4965,4945,4835,4915,4875,4815,4815,4855,4795,4765,4845,3112,3519,3489,3688,3599,3668,3120,3080,3140,2691,2791,2542,1768,1867,1672
3221,4366,4376,4376,4875,4965,4955,4835,4925,4845,4805,4805,4865,4795,4785,4835,3124,3529,3499,3688,3569,3688,3150,3110,3120,2681,2791,2592,1761,1864,1653
3321,4346,4386,4366,4865,4935,4965,4865,4915,4885,4805,4805,4875,4765,4785,4845,3115,3529,3499,3698,3639,3688,3160,3090,3150,2671,2831,2572,1749,1857,1637
3421,4356,4386,4386,4905,4975,4975,4825,4925,4875,4805,4805,4855,4755,4805,4835,3102,3529,3489,3718,3639,3678,3140,3110,3100,2661,2811,2592,1755,1864,1618
3521,4376,4416,4396,4865,4965,4945,4845,4925,4835,4835,4835,4885,4755,4785,4845,3105,3509,3499,3728,3619,3678,3170,3110,3120,2642,2791,2562,1761,1889,1663
3621,4396,4426,4396,4875,4965,4965,4845,4905,4875,4855,4855,4875,4815,4795,4855,3128,3519,3509,3718,3599,3698,3150,3140,3150,2671,2801,2602,1739,1880,1647
3721,4366,4386,4406,4915,4994,4965,4855,4965,4895,4845,4845,4895,4815,4795,4835,3131,3549,3509,3688,3599,3688,3160,3130,3160,2661,2821,2592,1758,1880,1647
3821,4406,4446,4406,4865,4985,4975,4855,4925,4885,4825,4825,4895,4815,4805,4865,3105,3529,3519,3748,3639,3698,3170,3100,3140,2681,2801,2592,1793,1860,1650
3921,4396,4436,4416,4885,4975,5004,4865,4925,4885,4845,4845,4895,4815,4815,4835,3105,3559,3529,3738,3639,3688,3170,3110,3150,2671,2811,2592,1758,1876,1656
4021,4406,4436,4456,4895,5014,4985,4905,4945,4885,4835,4835,4895,4795,4815,4855,3124,3539,3529,3698,3629,3738,3200,3080,3140,2661,2811,2602,1746,1886,1653
4121,4406,4476,4416,4915,5004,5004,4875,4935,4915,4845,4845,4905,4805,4795,4855,3131,3559,3529,3718,3639,3698,3200,3110,3140,2671,2821,2612,1768,1870,1653
4221,4416,4436,4466,4905,4985,4994,4845,4945,4895,4825,4825,4915,4795,4795,4835,3134,3529,3509,3708,3649,3738,3210,3100,3140,2681,2811,2602,1774,1873,1666
4321,4396,4466,4436,4885,5014,5004,4905,4965,4905,4815,4815,4925,4805,4785,4845,3137,3539,3539,3728,3649,3708,3170,3110,3130,2691,2821,2612,1790,1864,1663
4421,4436,4496,4496,4905,4985,5014,4885,4965,4895,4855,4855,4925,4785,4775,4865,3150,3569,3529,3708,3629,3718,3180,3110,3160,2671,2831,2612,1761,1880,1643
4521,4456,4466,4476,4925,5024,5044,4885,4945,4885,4835,4835,4905,4795,4805,4855,3128,3549,3509,3708,3619,3708,3160,3170,3170,2701,2811,2572,1749,1886,1666
4621,4416,4526,4506,4875,5034,5014,4875,4985,4915,4865,4865,4895,4825,4805,4865,3150,3579,3509,3708,3639,3698,3190,3160,3170,2701,2821,2622,1774,1870,1669
4721,4466,4526,4496,4925,5014,5034,4905,4955,4925,4825,4825,4915,4825,4795,4865,3137,3519,3529,3718,3629,3728,3210,3110,3160,2681,2831,2622,1739,1876,1663
4821,4446,4516,4516,4925,5034,5044,4905,4985,4905,4865,4865,4935,4805,4815,4855,3147,3549,3519,3728,3629,3718,3200,3160,3160,2701,2821,2592,1781,1886,1656
4921,4426,4506,4486,4915,5034,5004,4895,4945,4945,4855,4855,4925,4845,4805,4865,3160,3559,3559,3748,3629,3728,3220,3150,3180,2701,2811,2592,1797,1873,1621
5021,4476,4536,4516,4925,4994,5034,4885,4985,4935,4825,4825,4905,4815,4805,4865,3166,3559,3529,3748,3629,3708,3190,3140,3180,2671,2821,2582,1765,1886,1669
5121,4456,4516,4506,4935,5044,5044,4925,4935,4885,4885,4885,4925,4805,4815,4855,3163,3579,3549,3738,3629,3718,3200,3130,3160,2671,2821,2622,1784,1870,1650
5221,4466,4516,4516,4935,5014,5044,4905,4975,4925,4875,4875,4925,4805,4815,4845,3156,3559,3519,3758,3639,3728,3200,3130,3160,2701,2821,2632,1781,1889,1682
5321,4496,4576,4556,4945,4994,5064,4885,4994,4905,4865,4865,4935,4845,4805,4875,3188,3559,3519,3748,3619,3718,3160,3160,3170,2661,2821,2632,1761,1886,1650
5421,4476,4546,4546,4985,5024,5044,4915,4955,4885,4875,4875,4955,4805,4795,4895,3150,3589,3569,3718,3649,3748,3210,3170,3180,2701,2851,2592,1800,1892,1647
5521,4516,4546,4556,4925,5044,5054,4915,4985,4935,4895,4895,4935,4825,4795,4865,3182,3579,3539,3768,3639,3718,3200,3140,3170,2691,2821,2582,1765,1899,1650
5621,4526,4556,4576,4955,5014,5054,4915,4965,4915,4865,4865,4925,4835,4805,4855,3185,3549,3519,3758,3668,3728,3250,3170,3170,2681,2851,2612,1777,1883,1678
5721,4526,4556,4576,4935,5054,5084,4935,4975,4945,4885,4885,4945,4825,4785,4845,3176,3599,3569,3748,3688,3748,3180,3110,3170,2691,2831,2612,1790,1931,1669
5821,4506,4566,4576,4955,5064,5064,4935,4994,4915,4855,4855,4935,4795,4815,4905,3147,3589,3549,3758,3629,3708,3210,3150,3210,2691,2841,2622,1777,1886,1678
5921,4526,4606,4576,4945,5044,5084,4935,5004,4935,4885,4885,4955,4855,4815,4855,3172,3569,3539,3748,3639,3718,3220,3120,3210,2701,2841,2632,1768,1889,1675
6021,4496,4596,4566,4965,5054,5084,4925,4965,4935,4855,4855,4955,4805,4815,4905,3192,3579,3589,3768,3639,3758,3210,3170,3180,2691,2851,2602,1771,1886,1685
6121,4536,4556,4566,4975,5054,5044,4935,4965,4935,4855,4855,4955,4805,4785,4875,3176,3569,3569,3768,3668,3738,3200,3150,3180,2701,2851,2622,1774,1899,1672
6221,4496,4616,4556,4945,5054,5044,4915,4975,4935,4875,4875,4965,4805,4825,4865,3217,3579,3549,3748,3639,3738,3220,3170,3180,2691,2811,2612,1790,1902,1653
6321,4546,4626,4586,4955,5044,5084,4925,4994,4945,4845,4845,4955,4815,4825,4875,3182,3609,3539,3758,3668,3758,3220,3180,3200,2701,2821,2622,1774,1880,1672
6421,4536,4606,4616,4965,5054,5074,4945,5004,4955,4905,4905,4955,4825,4825,4915,3201,3599,3549,3758,3658,3718,3210,3170,3180,2681,2841,2602,1806,1876,1688
6521,4536,4616,4596,4975,5054,5094,4945,5004,4935,4865,4865,4925,4815,4835,4895,3192,3619,3559,3768,3688,3738,3210,3170,3220,2711,2831,2602,1768,1899,1666
6621,4566,4616,4606,4965,5054,5074,4915,4994,4915,4855,4855,5004,4835,4835,4865,3185,3579,3569,3798,3658,3778,3230,3180,3190,2691,2831,2622,1749,1896,1666
6721,4576,4646,4616,4994,5024,5084,4925,4994,4915,4875,4875,4945,4835,4835,4885,3195,3619,3549,3768,3688,3768,3210,3170,3220,2751,2831,2622,1787,1896,1666
6821,4536,4626,4636,4985,5054,5064,4925,5014,4955,4875,4875,4965,4815,4825,4885,3192,3589,3569,3748,3649,3748,3200,3190,3190,2681,2861,2622,1774,1902,1672
6921,4556,4655,4636,5004,5074,5104,4905,5004,4945,4895,4895,4965,4805,4825,4875,3198,3599,3559,3768,3668,3738,3230,3200,3200,2691,2831,2642,1777,1883,1666
7021,4566,4655,4675,5024,5054,5094,4915,5024,4955,4885,4885,4975,4815,4795,4875,3160,3609,3549,3748,3678,3738,3240,3170,3220,2701,2851,2622,1768,1918,1682
7121,4576,4636,4616,5014,5054,5084,4925,5014,4935,4875,4875,4975,4815,4815,4885,3179,3599,3559,3778,3649,3728,3210,3150,3210,2681,2861,2642,1790,1905,1647
7221,4576,4655,4636,4994,5074,5124,4935,5014,4965,4905,4905,5014,4795,4815,4855,3204,3619,3579,3788,3678,3758,3230,3160,3230,2711,2851,2612,1797,1892,1694
7321,4616,4646,4646,4994,5044,5094,4935,5014,4965,4865,4865,4985,4845,4815,4895,3198,3599,3579,3758,3678,3748,3240,3160,3200,2701,2841,2652,1806,1902,1682
7421,4596,4655,4655,4994,5064,5124,4935,5034,4965,4895,4895,4955,4795,4875,4875,3217,3609,3569,3788,3668,3758,3190,3170,3220,2691,2821,2632,1781,1908,1675
7521,4616,4665,4665,5004,5054,5094,4935,5024,4955,4885,4885,4994,4815,4825,4865,3207,3619,3569,3768,3678,3748,3230,3160,3210,2671,2831,2642,1790,1912,1669
7621,4596,4675,4675,5044,5074,5114,4965,5054,4965,4895,4895,5004,4825,4825,4875,3195,3609,3589,3778,3698,3768,3240,3190,3220,2701,2821,2652,1781,1905,1682
7721,4616,4725,4695,5004,5054,5104,4955,5014,4965,4875,4875,5004,4805,4845,4885,3227,3629,3569,3788,3639,3778,3240,3210,3230,2701,2841,2622,1800,1896,1685
7821,4616,4675,4655,5014,5074,5104,4925,5014,4945,4885,4885,5004,4815,4805,4885,3195,3609,3589,3778,3698,3748,3240,3170,3230,2701,2841,2642,1800,1899,1698
7921,4636,4695,4685,4975,5094,5114,4935,5004,4985,4885,4885,5004,4845,4815,4885,3204,3658,3579,3798,3708,3808,3270,3180,3230,2721,2871,2622,1784,1902,1698
8021,4616,4675,4695,5024,5094,5094,4975,5024,4945,4875,4875,5024,4835,4825,4905,3192,3629,3579,3768,3668,3778,3250,3190,3230,2711,2871,2661,1800,1880,1678
8121,4646,4685,4715,4994,5114,5124,4935,5044,4965,4895,4895,4975,4825,4845,4895,3239,3619,3579,3778,3678,3788,3260,3190,3230,2731,2831,2632,1774,1912,1678
8221,4616,4705,4745,5024,5124,5134,4965,5004,4985,4895,4895,5014,4815,4845,4885,3201,3629,3579,3778,3678,3768,3240,3190,3230,2711,2841,2612,1800,1905,1685
8321,4596,4675,4695,5014,5104,5134,4935,5024,4965,4905,4905,5014,4835,4805,4895,3217,3629,3579,3788,3658,3778,3270,3200,3210,2721,2851,2622,1806,1927,1682
8421,4636,4685,4735,5024,5104,5124,4945,5044,4985,4895,4895,4975,4835,4825,4875,3220,3668,3589,3798,3678,3768,3240,3210,3230,2711,2861,2602,1781,1912,1685
8521,4646,4705,4715,5014,5094,5124,4985,5014,4975,4885,4885,5014,4855,4805,4875,3217,3649,3599,3798,3658,3798,3250,3190,3230,2711,2861,2661,1803,1908,1691
8621,4606,4735,4715,5004,5094,5134,5004,5064,4975,4875,4875,4985,4815,4845,4885,3211,3629,3599,3768,3678,3778,3270,3200,3220,2711,2831,2652,1806,1899,1666
8721,4636,4725,4745,5034,5084,5124,4994,5054,5014,4925,4925,4994,4825,4855,4905,3236,3609,3589,3798,3718,3788,3260,3190,3220,2741,2851,2632,1790,1927,1672
8821,4675,4735,4725,5034,5124,5124,4965,5054,4985,4895,4895,5014,4835,4815,4845,3217,3629,3609,3798,3698,3778,3240,3190,3230,2681,2841,2652,1806,1902,1698
8921,4655,4745,4735,5034,5114,5114,4975,5034,4975,4925,4925,5024,4845,4845,4885,3207,3619,3619,3828,3698,3788,3270,3190,3230,2731,2881,2661,1809,1902,1682
9021,4655,4765,4755,5054,5104,5124,4965,5034,4975,4915,4915,5014,4845,4835,4895,3243,3649,3599,3798,3708,3788,3280,3200,3230,2721,2851,2652,1765,1915,1685
9121,4675,4725,4735,5024,5094,5124,4975,5034,4965,4935,4935,5014,4845,4845,4905,3230,3649,3639,3808,3688,3778,3260,3200,3220,2721,2841,2652,1813,1921,1678
9221,4675,4745,4735,5054,5104,5144,4985,5074,4955,4895,4895,5044,4855,4825,4895,3249,3649,3599,3788,3708,3788,3260,3210,3220,2731,2851,2661,1813,1934,1669
9321,4665,4745,4765,5024,5104,5154,4965,5064,4965,4895,4895,5034,4835,4815,4895,3227,3629,3599,3788,3688,3778,3270,3220,3240,2701,2851,2632,1806,1905,1698
9421,4665,4765,4745,5034,5114,5164,4994,5034,4965,4885,4885,5024,4855,4805,4885,3246,3658,3579,3798,3698,3778,3260,3210,3240,2741,2871,2642,1813,1896,1688
9521,4695,4755,4775,5044,5104,5144,4945,5044,4975,4895,4895,5054,4875,4835,4895,3236,3629,3619,3808,3708,3778,3260,3220,3260,2731,2881,2661,1806,1934,1659
9621,4715,4745,4775,5024,5094,5144,4985,5044,4965,4895,4895,5024,4875,4835,4895,3230,3649,3599,3808,3678,3798,3280,3210,3220,2721,2881,2671,1797,1927,1688
9721,4695,4775,4775,5034,5084,5124,4985,5084,4965,4945,4945,5034,4835,4815,4855,3252,3668,3609,3808,3698,3768,3280,3220,3270,2731,2901,2632,1803,1927,1663
9821,4715,4765,4765,5054,5114,5164,4965,5054,4994,4885,4885,5024,4815,4845,4895,3236,3658,3599,3808,3698,3808,3280,3220,3240,2721,2891,2642,1822,1908,1682
9921,4715,4785,4755,5054,5134,5154,4985,5054,4975,4905,4905,5044,4845,4825,4905,3239,3658,3569,3798,3698,3818,3290,3220,3250,2711,2881,2661,1800,1905,1675
10021,4695,4775,4785,5054,5124,5104,4965,5064,5004,4925,4925,5044,4815,4825,4895,3265,3688,3629,3798,3738,3788,3280,3180,3270,2711,2871,2642,1819,1912,1688
10121,4715,4765,4785,5064,5134,5134,4975,5064,5024,4915,4915,5014,4825,4845,4905,3259,3658,3589,3788,3678,3818,3290,3220,3250,2721,2881,2661,1813,1899,1694
10221,4725,4805,4795,5024,5134,5164,4965,5084,4975,4885,4885,5024,4835,4865,4895,3262,3668,3649,3808,3708,3788,3280,3230,3240,2741,2861,2642,1777,1905,1691
10321,4705,4775,4785,5074,5104,5134,4975,5054,5024,4925,4925,5084,4835,4845,4895,3243,3678,3599,3788,3718,3808,3320,3230,3260,2731,2871,2632,1825,1918,1675
10421,4725,4805,4765,5064,5124,5154,4965,5074,4985,4895,4895,5054,4875,4825,4895,3274,3649,3639,3808,3708,3808,3270,3230,3260,2741,2881,2661,1816,1912,1707
10521,4695,4795,4825,5094,5134,5134,4965,5064,4975,4905,4905,5034,4825,4825,4905,3271,3668,3609,3788,3728,3788,3310,3250,3250,2741,2911,2661,1819,1899,1704
10621,4715,4815,4825,5044,5144,5164,5004,5054,4994,4915,4915,5034,4825,4825,4935,3259,3668,3619,3808,3698,3798,3280,3220,3280,2741,2871,2652,1816,1924,1666
10721,4725,4815,4825,5094,5114,5154,4965,5074,4994,4905,4905,5044,4845,4865,4915,3252,3678,3609,3818,3708,3808,3290,3210,3260,2741,2891,2642,1809,1915,1666
10821,4745,4815,4795,5074,5144,5174,4975,5064,5004,4895,4895,5044,4855,4815,4915,3290,3668,3629,3808,3728,3818,3290,3240,3270,2721,2901,2642,1829,1927,1685
10921,4745,4805,4835,5084,5104,5154,4985,5044,4985,4915,4915,5044,4855,4865,4905,3274,3678,3609,3788,3698,3798,3290,3230,3250,2761,2911,2661,1809,1908,1694
11021,4735,4795,4815,5084,5124,5144,4975,5074,5014,4915,4915,5014,4855,4825,4905,3246,3668,3639,3828,3718,3778,3329,3270,3280,2721,2851,2661,1793,1918,1682
11121,4735,4805,4825,5084,5114,5164,4985,5074,4975,4905,4905,5064,4835,4825,4885,3239,3688,3619,3828,3728,3828,3310,3190,3250,2731,2911,2661,1822,1924,1678
11221,4735,4815,4845,5084,5144,5174,5014,5074,4994,4935,4935,5044,4865,4835,4865,3259,3718,3619,3848,3728,3808,3300,3230,3250,2721,2901,2642,1819,1943,1698
11321,4755,4825,4845,5064,5144,5184,4994,5094,5004,4915,4915,5084,4815,4825,4905,3265,3678,3639,3828,3708,3808,3280,3260,3300,2711,2881,2671,1800,1918,1704
11421,4785,4815,4845,5064,5124,5164,4985,5064,5004,4905,4905,5054,4825,4815,4885,3252,3688,3649,3818,3748,3848,3270,3210,3300,2751,2881,2632,1803,1927,1688
11521,4745,4825,4845,5094,5154,5164,5014,5074,5004,4925,4925,5054,4865,4845,4915,3243,3678,3629,3828,3728,3788,3310,3240,3280,2751,2901,2642,1832,1943,1710
11621,4785,4845,4835,5104,5154,5174,4975,5094,5024,4905,4905,5044,4855,4855,4905,3281,3688,3619,3838,3768,3818,3290,3250,3280,2751,2871,2652,1787,1940,1691
11721,4745,4855,4855,5094,5144,5184,5024,5094,5014,4955,4955,5074,4835,4855,4905,3268,3698,3619,3818,3728,3808,3310,3240,3230,2751,2921,2652,1803,1937,1704
11821,4765,4835,4865,5084,5164,5194,5014,5064,5004,4925,4925,5094,4845,4875,4895,3281,3668,3619,3788,3748,3808,3310,3220,3250,2741,2891,2661,1825,1953,1701
11921,4745,4855,4865,5084,5164,5164,4965,5084,5004,4915,4915,5044,4845,4845,4925,3271,3678,3649,3838,3738,3808,3329,3260,3270,2761,2911,2671,1813,1924,1675
12021,4775,4825,4855,5114,5194,5184,4965,5084,5024,4905,4905,5044,4825,4845,4885,3268,3688,3609,3838,3728,3828,3310,3230,3320,2731,2891,2652,1822,1931,1717
12121,4795,4855,4855,5094,5134,5194,5014,5074,4994,4905,4905,5064,4845,4855,4895,3265,3728,3649,3808,3758,3828,3329,3240,3260,2761,2901,2652,1793,1931,1714
12221,4765,4845,4845,5094,5114,5204,5014,5074,5004,4925,4925,5064,4815,4865,4945,3262,3708,3629,3838,3728,3788,3339,3240,3290,2731,2871,2681,1797,1943,1685
12321,4775,4855,4875,5114,5154,5164,5014,5124,5024,4915,4915,5084,4845,4875,4925,3259,3698,3649,3828,3738,3788,3300,3280,3250,2751,2881,2652,1803,1915,1685
12421,4765,4855,4845,5074,5174,5174,4994,5094,5014,4925,4925,5064,4815,4875,4875,3290,3678,3649,3848,3728,3828,3310,3250,3290,2731,2941,2661,1825,1937,1701
12521,4805,4845,4855,5084,5154,5194,5014,5094,5014,4935,4935,5064,4815,4855,4935,3284,3688,3639,3828,3748,3838,3320,3250,3280,2771,2911,2681,1793,1934,1694
12621,4785,4875,4855,5124,5154,5224,5024,5074,5034,4905,4905,5044,4825,4865,4905,3284,3728,3658,3818,3738,3818,3310,3240,3280,2771,2881,2691,1844,1966,1701
12721,4775,4855,4875,5124,5174,5214,5004,5054,4975,4905,4905,5074,4865,4835,4915,3268,3708,3668,3808,3738,3818,3300,3260,3280,2751,2921,2671,1803,1937,1666
12821,4815,4865,4895,5104,5134,5224,4994,5064,4994,4945,4945,5064,4865,4855,4925,3297,3688,3649,3838,3728,3828,3339,3260,3250,2771,2911,2661,1790,1959,1688
12921,4795,4835,4855,5124,5164,5224,5004,5104,4994,4935,4935,5064,4865,4865,4885,3287,3678,3658,3848,3758,3818,3310,3250,3290,2721,2901,2671,1825,1931,1682
13021,4775,4895,4865,5124,5174,5184,4994,5104,5034,4935,4935,5074,4855,4865,4935,3284,3718,3639,3848,3738,3838,3320,3280,3310,2761,2911,2691,1813,1924,1714
13121,4775,4875,4905,5114,5174,5194,5014,5124,4994,4935,4935,5084,4865,4845,4895,3297,3698,3649,3828,3728,3828,3329,3260,3300,2721,2891,2642,1819,1947,1720
13221,4785,4885,4885,5134,5174,5234,5034,5094,4994,4935,4935,5084,4835,4845,4915,3287,3718,3658,3848,3748,3798,3310,3290,3290,2741,2871,2642,1800,1931,1698
13321,4785,4905,4895,5104,5144,5234,5014,5104,5004,4925,4925,5084,4875,4835,4925,3297,3708,3678,3818,3738,3798,3359,3290,3290,2751,2911,2681,1848,1921,1701
13421,4805,4885,4875,5114,5184,5184,5034,5094,5034,4945,4945,5104,4835,4855,4905,3297,3708,3658,3848,3748,3828,3349,3270,3280,2761,2901,2671,1803,1937,1698
13521,4825,4895,4905,5124,5154,5194,5024,5094,5044,4955,4955,5064,4855,4855,4925,3303,3718,3678,3828,3738,3808,3329,3270,3300,2761,2941,2681,1822,1908,1704
13621,4805,4905,4905,5144,5154,5224,5004,5084,5014,4925,4925,5094,4835,4855,4905,3281,3708,3639,3848,3748,3818,3339,3260,3290,2751,2911,2691,1838,1931,1710
13721,4825,4895,4905,5134,5154,5204,5014,5064,5024,4985,4985,5064,4865,4865,4935,3294,3748,3639,3858,3758,3828,3329,3290,3280,2771,2881,2691,1835,1931,1710
13821,4835,4885,4925,5124,5174,5224,5034,5114,5014,4905,4905,5114,4855,4865,4895,3290,3728,3668,3848,3758,3828,3310,3290,3290,2741,2921,2642,1822,1937,1723
13921,4805,4895,4935,5144,5184,5214,4994,5114,5034,4945,4945,5084,4855,4835,4925,3294,3748,3668,3858,3788,3828,3359,3310,3280,2751,2931,2681,1806,1924,1701
15321,4865,4915,4965,5154,5194,5214,5044,5114,5064,4945,4945,5094,4855,4895,4925,3306,3758,3678,3878,3748,3828,3359,3280,3329,2801,2921,2671,1829,1927,1723
16321,4875,4935,4975,5154,5224,5254,5024,5134,5074,4955,4955,5144,4875,4865,4945,3326,3748,3688,3868,3738,3838,3359,3300,3320,2751,2911,2681,1851,1956,1739
17321,4875,5004,4985,5164,5234,5264,5044,5134,5044,4975,4975,5124,4875,4895,4955,3335,3798,3698,3888,3798,3888,3379,3290,3349,2781,2931,2701,1848,1985,1714
18321,4895,5004,5024,5204,5244,5274,5074,5134,5074,4965,4965,5144,4855,4905,4945,3357,3758,3718,3898,3808,3848,3399,3320,3349,2791,2951,2701,1832,1956,1739
19321,4935,5004,5044,5204,5254,5284,5084,5144,5094,4975,4975,5134,4915,4885,4945,3354,3798,3698,3888,3808,3878,3399,3320,3359,2791,2961,2711,1838,1943,1730
20321,4965,5004,5054,5254,5244,5294,5074,5164,5104,4965,4965,5184,4915,4915,4945,3373,3798,3738,3918,3808,3908,3409,3329,3369,2821,2931,2721,1832,1956,1723
21321,4975,5024,5064,5224,5264,5304,5064,5184,5094,4985,4985,5194,4905,4895,4985,3354,3778,3738,3918,3818,3878,3409,3369,3389,2801,2971,2701,1825,1963,1710
22321,5004,5054,5084,5234,5284,5323,5084,5214,5094,4985,4985,5194,4925,4935,4975,3399,3818,3728,3918,3818,3908,3399,3379,3389,2821,2971,2741,1864,1969,1730
23321,4975,5084,5094,5234,5274,5314,5124,5184,5094,4985,4985,5184,4905,4915,5004,3405,3828,3758,3928,3858,3888,3429,3339,3409,2831,2981,2721,1864,1979,1707
24321,5024,5114,5124,5244,5274,5333,5104,5184,5104,4985,4985,5244,4915,4925,4985,3415,3818,3738,3908,3828,3888,3409,3359,3399,2821,2981,2731,1867,1963,1765
25321,5034,5094,5144,5254,5304,5363,5104,5224,5114,5004,5004,5224,4915,4965,4965,3418,3828,3758,3948,3818,3918,3429,3359,3419,2821,3020,2741,1857,1975,1717
26321,5034,5094,5164,5274,5333,5373,5104,5214,5124,5024,5024,5234,4925,4955,4955,3421,3858,3788,3918,3878,3938,3459,3389,3439,2851,2981,2761,1857,1995,1730
27321,5044,5124,5144,5304,5304,5353,5114,5204,5124,5014,5014,5254,4915,4945,4994,3412,3858,3758,3958,3828,3938,3439,3409,3419,2841,3000,2761,1864,1972,1746
28321,5044,5124,5174,5294,5333,5393,5144,5204,5114,4994,4994,5244,4945,4935,5004,3456,3858,3798,3928,3838,3948,3479,3439,3419,2841,3010,2741,1876,1979,1746
29321,5074,5184,5134,5323,5314,5363,5164,5214,5134,4994,4994,5254,4945,4945,5004,3434,3908,3798,3938,3868,3908,3509,3389,3459,2831,3010,2741,1864,1979,1749
30321,5074,5154,5194,5333,5343,5383,5164,5254,5154,5044,5044,5274,4955,4985,5004,3440,3878,3798,3948,3838,3948,3489,3439,3439,2831,3000,2751,1864,1995,1761
31321,5104,5164,5204,5333,5373,5423,5134,5234,5164,5034,5034,5254,4975,4985,5034,3469,3878,3828,3988,3858,3928,3469,3429,3449,2861,3020,2771,1873,1985,1758
32321,5094,5184,5204,5323,5363,5383,5154,5244,5154,5074,5074,5274,4945,4985,5034,3479,3918,3838,3968,3878,3978,3499,3449,3429,2861,3020,2761,1873,2036,1746
33321,5134,5184,5224,5353,5363,5423,5134,5254,5164,5044,5044,5284,4975,4994,5004,3456,3928,3818,3988,3868,3968,3519,3479,3449,2871,3020,2761,1889,1982,1755
34321,5094,5214,5234,5353,5353,5383,5174,5284,5144,5054,5054,5304,4985,4985,5024,3492,3938,3858,4007,3878,3968,3529,3459,3479,2851,3030,2771,1899,1988,1755
35321,5134,5184,5244,5353,5363,5403,5154,5264,5194,5064,5064,5304,4965,5014,5054,3469,3938,3928,3968,3898,3968,3509,3469,3469,2861,3070,2761,1886,1991,1749
36321,5134,5214,5244,5373,5373,5423,5154,5294,5164,5064,5064,5304,4975,5014,5054,3488,3958,3908,3978,3898,4007,3559,3479,3489,2851,3050,2741,1889,2007,1790
37321,5124,5234,5254,5363,5403,5463,5164,5284,5154,5064,5064,5304,4975,5034,5054,3504,3968,3898,3978,3898,4007,3529,3469,3489,2871,3050,2781,1880,2017,1755
38321,5134,5204,5254,5373,5383,5433,5194,5284,5204,5114,5114,5323,5004,5014,5074,3533,3968,3918,4017,3928,3988,3539,3449,3459,2891,3040,2801,1883,1995,1739
39321,5174,5234,5284,5383,5383,5463,5184,5294,5174,5084,5084,5314,4985,5014,5084,3543,3997,3938,4027,3898,4017,3529,3479,3519,2891,3050,2801,1883,2017,1761
40321,5164,5234,5244,5383,5413,5453,5234,5304,5194,5064,5064,5333,4994,5034,5084,3539,4007,3948,4037,3908,4027,3539,3489,3519,2871,3040,2761,1886,1985,1771
41321,5144,5224,5284,5403,5413,5463,5194,5284,5194,5094,5094,5363,5014,5024,5094,3568,4017,3958,4037,3928,4017,3559,3479,3519,2901,3050,2821,1889,2010,1768
42321,5154,5244,5254,5403,5403,5473,5234,5314,5204,5084,5084,5353,5014,5004,5094,3549,4057,3958,4037,3918,4017,3569,3479,3499,2911,3060,2791,1912,2023,1784
43321,5184,5234,5294,5413,5433,5483,5144,5333,5214,5104,5104,5363,5014,5034,5094,3584,4077,3997,4067,3958,4067,3569,3489,3519,2891,3070,2791,1896,2017,1777
44321,5164,5294,5274,5393,5443,5483,5244,5314,5194,5094,5094,5363,5024,5034,5074,3610,4077,4027,4067,3968,4027,3589,3469,3519,2901,3050,2791,1905,2007,1781
45321,5214,5274,5284,5413,5413,5513,5244,5284,5224,5104,5104,5373,5024,5014,5094,3603,4087,4037,4077,3948,4067,3559,3489,3519,2901,3070,2811,1927,2014,1784
46321,5204,5274,5343,5443,5403,5483,5224,5323,5214,5074,5074,5393,5054,5054,5134,3629,4097,4037,4067,3988,4047,3569,3529,3549,2921,3090,2831,1889,2020,1777
47321,5214,5264,5294,5413,5433,5493,5214,5304,5224,5104,5104,5373,5034,5074,5084,3635,4127,4067,4077,3978,4087,3589,3519,3539,2931,3100,2831,1896,2039,1793
48321,5204,5274,5304,5413,5453,5493,5224,5343,5244,5114,5114,5423,5054,5054,5124,3642,4137,4057,4067,3988,4087,3589,3519,3559,2911,3060,2791,1902,2017,1793
49321,5204,5314,5323,5443,5443,5483,5264,5353,5264,5114,5114,5423,5044,5054,5124,3645,4177,4037,4107,3978,4097,3589,3519,3539,2931,3090,2831,1927,2026,1752
50321,5254,5294,5323,5443,5483,5523,5234,5353,5244,5134,5134,5403,5054,5064,5084,3683,4147,4067,4087,3988,4137,3589,3529,3549,2921,3090,2811,1921,2004,1771
51321,5224,5294,5333,5463,5463,5513,5234,5373,5234,5114,5114,5403,5044,5064,5164,3661,4157,4077,4117,3997,4107,3609,3509,3569,2901,3060,2831,1892,2033,1761
52321,5234,5294,5363,5483,5473,5523,5264,5373,5254,5134,5134,5453,5044,5054,5124,3673,4187,4127,4107,4007,4117,3619,3549,3569,2931,3090,2781,1902,2042,1768
53321,5264,5294,5323,5463,5473,5523,5284,5343,5274,5154,5154,5443,5024,5084,5114,3712,4207,4107,4127,4007,4107,3609,3549,3549,2941,3100,2811,1902,2036,1768
54321,5224,5314,5373,5493,5463,5543,5264,5373,5244,5134,5134,5433,5084,5114,5154,3715,4217,4097,4107,4007,4157,3619,3539,3559,2941,3100,2851,1921,2046,1768
55321,5264,5304,5353,5463,5493,5533,5294,5383,5274,5134,5134,5443,5084,5094,5164,3709,4207,4137,4147,4047,4167,3639,3539,3599,2931,3090,2821,1899,2049,1781
56321,5264,5323,5353,5483,5493,5543,5294,5383,5274,5164,5164,5483,5064,5114,5164,3741,4267,4157,4147,4037,4157,3609,3519,3579,2921,3120,2831,1912,2030,1787
57321,5294,5343,5363,5503,5513,5583,5274,5393,5274,5124,5124,5493,5064,5124,5174,3763,4267,4177,4177,4067,4167,3629,3569,3569,2941,3100,2821,1889,2020,1784
58321,5284,5333,5383,5493,5483,5553,5294,5393,5304,5174,5174,5483,5084,5104,5174,3766,4237,4207,4147,4057,4147,3609,3549,3599,2911,3110,2821,1918,2010,1787
59321,5304,5323,5373,5483,5503,5593,5304,5443,5294,5174,5174,5523,5114,5114,5174,3772,4257,4217,4147,4057,4197,3639,3569,3559,2951,3110,2831,1924,2033,1787
60321,5333,5373,5383,5483,5493,5583,5294,5423,5284,5184,5184,5483,5084,5104,5164,3769,4317,4227,4177,4057,4217,3649,3579,3599,2941,3110,2841,1908,2046,1774
61321,5314,5323,5403,5483,5533,5603,5314,5413,5304,5174,5174,5533,5114,5124,5174,3808,4297,4227,4167,4067,4187,3639,3569,3589,2961,3120,2831,1950,2033,1768
62321,5314,5333,5413,5553,5543,5573,5294,5423,5314,5154,5154,5523,5134,5134,5204,3817,4317,4247,4217,4097,4197,3649,3569,3569,2951,3110,2851,1912,2020,1813
63321,5333,5343,5403,5513,5533,5573,5323,5443,5304,5174,5174,5513,5094,5134,5184,3808,4326,4227,4207,4087,4237,3619,3549,3589,2981,3130,2881,1918,2026,1758
64321,5343,5383,5403,5513,5533,5603,5343,5463,5294,5174,5174,5543,5124,5154,5194,3817,4317,4267,4207,4097,4227,3629,3569,3599,2971,3120,2871,1931,2030,1800
65321,5383,5373,5393,5543,5513,5583,5353,5443,5323,5194,5194,5533,5114,5144,5234,3836,4346,4267,4247,4137,4277,3678,3589,3599,2961,3120,2861,1927,2039,1816
66321,5333,5343,5403,5573,5533,5623,5353,5433,5304,5234,5234,5533,5114,5164,5194,3830,4326,4267,4237,4107,4257,3658,3589,3599,2931,3110,2871,1921,2033,1774
67321,5353,5363,5423,5583,5553,5623,5393,5473,5343,5204,5204,5553,5114,5184,5214,3859,4346,4277,4247,4107,4277,3688,3589,3599,2971,3100,2861,1931,2062,1793
68321,5383,5383,5433,5543,5553,5643,5363,5433,5343,5194,5194,5583,5154,5164,5204,3843,4386,4307,4227,4127,4277,3678,3569,3609,2981,3120,2861,1924,2023,1784
69321,5403,5363,5413,5583,5573,5662,5393,5473,5333,5224,5224,5583,5124,5224,5224,3859,4376,4326,4227,4117,4287,3668,3589,3639,2971,3140,2881,1927,2049,1813
70321,5393,5383,5413,5553,5563,5643,5383,5473,5353,5244,5244,5603,5124,5194,5244,3894,4416,4336,4287,4147,4237,3649,3609,3629,2961,3130,2861,1912,2026,1781
71321,5403,5383,5413,5563,5573,5643,5403,5473,5363,5204,5204,5613,5164,5174,5214,3891,4406,4307,4277,4157,4307,3708,3589,3639,2961,3140,2841,1940,2055,1793
72321,5433,5393,5423,5583,5573,5652,5403,5483,5363,5254,5254,5623,5174,5194,5264,3868,4366,4356,4317,4127,4317,3668,3589,3619,2961,3160,2861,1927,2046,1790
73321,5393,5413,5413,5593,5603,5692,5403,5513,5393,5234,5234,5593,5174,5214,5224,3913,4396,4326,4297,4177,4317,3678,3599,3619,2941,3130,2861,1918,2049,1835
74321,5403,5413,5443,5583,5603,5672,5413,5513,5363,5254,5254,5643,5184,5184,5284,3894,4456,4307,4287,4167,4336,3688,3629,3639,2971,3140,2871,1924,2042,1806
75321,5463,5393,5433,5613,5593,5682,5423,5503,5383,5264,5264,5633,5174,5214,5284,3922,4416,4336,4297,4187,4317,3688,3589,3649,2941,3150,2871,1940,2055,1813
76321,5423,5403,5463,5613,5623,5712,5433,5513,5373,5264,5264,5652,5204,5224,5244,3932,4426,4326,4297,4197,4317,3688,3609,3658,2981,3120,2851,1931,2020,1806
77321,5453,5433,5463,5593,5593,5732,5453,5533,5393,5294,5294,5662,5184,5214,5264,3913,4436,4346,4326,4187,4336,3698,3599,3649,2931,3120,2891,1918,2039,1806
78321,5473,5433,5473,5643,5623,5732,5443,5553,5423,5254,5254,5662,5174,5224,5304,3942,4456,4356,4297,4217,4326,3708,3629,3629,2991,3180,2891,1924,2049,1790
79321,5463,5433,5463,5633,5652,5732,5463,5553,5423,5284,5284,5692,5194,5244,5294,3922,4446,4376,4326,4177,4356,3688,3629,3649,3020,3160,2871,1947,2058,1797
80321,5493,5443,5443,5633,5643,5692,5463,5553,5403,5274,5274,5732,5224,5214,5304,3935,4446,4376,4317,4207,4346,3698,3589,3658,2951,3160,2871,1940,2068,1797
81321,5483,5433,5473,5662,5613,5712,5483,5553,5433,5304,5304,5732,5224,5244,5284,3919,4446,4356,4366,4227,4366,3678,3619,3639,2971,3170,2881,1927,2039,1784
82321,5503,5433,5493,5672,5643,5752,5503,5563,5443,5304,5304,5752,5184,5264,5304,3964,4466,4366,4346,4217,4336,3718,3619,3668,2981,3160,2881,1937,2049,1803
83321,5483,5453,5473,5652,5682,5742,5493,5583,5443,5304,5304,5702,5184,5264,5323,3961,4486,4366,4376,4237,4366,3708,3619,3639,3000,3160,2881,1924,2058,1809
84321,5513,5423,5503,5702,5672,5762,5543,5603,5423,5353,5353,5742,5214,5254,5304,3951,4446,4386,4346,4237,4406,3688,3649,3649,2981,3160,2881,1934,2071,1803
85321,5503,5453,5493,5682,5652,5772,5523,5623,5453,5323,5323,5742,5234,5264,5323,3967,4506,4386,4376,4247,4406,3708,3619,3668,2991,3150,2901,1915,2042,1822
86321,5513,5453,5523,5672,5672,5782,5533,5613,5483,5333,5333,5722,5234,5284,5333,3942,4486,4416,4406,4267,4376,3698,3639,3688,2981,3140,2881,1979,2065,1800
87321,5543,5493,5523,5712,5702,5792,5483,5623,5483,5343,5343,5752,5224,5314,5353,3974,4486,4406,4386,4247,4386,3698,3619,3678,2981,3160,2891,1937,2068,1809
88321,5533,5483,5533,5702,5692,5822,5503,5613,5483,5353,5353,5782,5284,5274,5353,3980,4506,4386,4396,4257,4366,3708,3629,3678,2971,3150,2861,1924,2033,1790
89321,5543,5443,5483,5712,5712,5802,5563,5613,5503,5353,5353,5782,5284,5314,5373,3977,4496,4446,4416,4247,4386,3698,3649,3688,2961,3160,2891,1943,2065,1813
90321,5553,5503,5533,5712,5712,5832,5513,5623,5493,5323,5323,5792,5294,5304,5353,4012,4506,4416,4416,4287,4396,3738,3668,3668,3000,3180,2881,1940,2049,1803
101621,5643,5533,5543,5822,5802,5922,5662,5732,5593,5433,5433,5882,5323,5373,5423,4015,4536,4446,4456,4336,4496,3708,3678,3688,3020,3170,2891,1947,2058,1806
111621,5732,5583,5623,5842,5902,5962,5692,5802,5633,5543,5543,5942,5423,5473,5533,4047,4596,4526,4506,4376,4516,3758,3698,3708,3010,3190,2931,1924,2065,1819
121621,5752,5603,5692,5972,5912,6021,5792,5862,5682,5583,5583,6011,5463,5513,5563,4082,4586,4506,4506,4396,4546,3758,3708,3718,3030,3190,2911,1937,2081,1822
131621,5792,5672,5732,5942,5991,6101,5832,5912,5772,5672,5672,6061,5523,5573,5633,4072,4586,4516,4506,4466,4566,3778,3728,3798,3030,3180,2911,1963,2097,1816
141621,5832,5712,5762,6051,6031,6131,5872,5991,5822,5762,5762,6121,5603,5633,5712,4082,4616,4516,4566,4466,4566,3828,3728,3788,3020,3230,2941,1979,2084,1841
151621,5842,5742,5782,6061,6041,6171,5912,6011,5872,5762,5762,6121,5613,5702,5752,4114,4616,4526,4566,4486,4596,3828,3778,3798,3020,3230,2911,1940,2087,1816
161621,5872,5762,5812,6081,6091,6211,5932,6031,5892,5812,5812,6181,5662,5722,5802,4085,4606,4536,4596,4506,4596,3838,3768,3818,3040,3220,2921,1937,2068,1829
171621,5932,5782,5862,6141,6141,6231,5982,6071,5942,5862,5862,6191,5722,5782,5842,4120,4596,4536,4606,4466,4616,3838,3778,3828,3020,3240,2941,1972,2071,1844
181621,5902,5822,5842,6121,6131,6211,6011,6101,6001,5892,5892,6201,5782,5842,5862,4114,4596,4506,4606,4506,4596,3858,3778,3828,3050,3210,2921,1953,2093,1838
191621,5902,5822,5882,6151,6151,6231,6011,6141,5962,5892,5892,6201,5742,5832,5912,4117,4606,4546,4606,4476,4626,3838,3808,3868,3020,3240,2941,1963,2081,1838
201621,5892,5862,5912,6111,6161,6241,6021,6121,5991,5942,5942,6201,5792,5862,5912,4111,4586,4536,4616,4466,4616,3888,3808,3838,3030,3220,2941,1963,2106,1844
211621,5962,5842,5932,6151,6191,6231,6031,6141,5972,5932,5932,6231,5802,5862,5922,4114,4586,4526,4636,4516,4616,3888,3778,3888,3030,3210,2951,1947,2084,1809
221621,5912,5862,5922,6141,6171,6251,6031,6151,6011,5962,5962,6231,5822,5872,5942,4085,4586,4516,4616,4486,4616,3888,3798,3888,3030,3250,2951,1953,2074,1848
231621,5922,5872,5922,6141,6161,6221,6041,6151,5991,5962,5962,6231,5852,5902,5982,4117,4566,4516,4636,4496,4636,3918,3818,3878,3050,3220,2951,1953,2090,1844
241621,5902,5872,5872,6151,6161,6231,6031,6131,6011,5972,5972,6191,5822,5912,5942,4095,4546,4486,4636,4496,4596,3928,3828,3898,3050,3240,2921,1953,2074,1829
251621,5952,5862,5922,6121,6141,6221,6031,6151,6001,5942,5942,6201,5892,5922,5962,4072,4566,4506,4586,4486,4586,3948,3828,3888,3020,3220,2931,1956,2087,1809
261621,5932,5852,5962,6151,6151,6241,6031,6101,5982,5962,5962,6211,5882,5922,5932,4069,4596,4516,4606,4476,4586,3908,3808,3898,3040,3230,2911,1940,2093,1835
271621,5892,5882,5902,6121,6131,6211,6011,6111,6021,5972,5972,6171,5872,5932,5952,4072,4546,4506,4606,4496,4576,3888,3818,3868,3050,3250,2931,1959,2058,1832
281621,5902,5882,5942,6111,6141,6221,5991,6121,5972,5942,5942,6141,5852,5912,5942,4053,4556,4456,4586,4476,4586,3888,3818,3878,3040,3260,2961,1950,2074,1825
291621,5872,5882,5912,6131,6131,6191,5982,6081,5972,5922,5922,6141,5832,5892,5952,4050,4566,4456,4586,4466,4616,3908,3808,3858,3040,3240,2961,1927,2074,1816
301621,5862,5832,5902,6101,6101,6191,5972,6081,5962,5912,5912,6111,5852,5922,5922,4050,4556,4456,4576,4476,4566,3888,3838,3888,3020,3230,2941,1956,2087,1806
311621,5842,5842,5892,6061,6091,6161,5962,6041,5962,5902,5902,6101,5812,5902,5922,4076,4516,4406,4566,4456,4566,3898,3758,3878,3020,3230,2921,1956,2074,1816
321621,5822,5812,5902,6061,6071,6161,5942,6051,5962,5882,5882,6071,5812,5882,5922,4031,4526,4406,4536,4416,4526,3888,3808,3858,3050,3210,2961,1966,2068,1809
331621,5812,5832,5882,6001,6051,6191,5932,6021,5922,5902,5902,6061,5822,5842,5882,3993,4496,4436,4546,4416,4576,3888,3828,3888,3030,3260,2921,1950,2081,1809
341621,5772,5812,5862,6041,6031,6101,5942,6021,5892,5872,5872,6021,5812,5832,5852,3996,4516,4386,4536,4426,4536,3888,3788,3868,3040,3200,2941,1959,2052,1800
351621,5802,5802,5852,6031,6031,6111,5872,6021,5862,5862,5862,5991,5782,5812,5852,3977,4456,4366,4526,4426,4536,3868,3768,3868,3030,3200,2931,1943,2062,1793
361621,5752,5762,5852,6011,6011,6101,5842,5962,5872,5832,5832,6021,5752,5832,5822,3967,4466,4346,4506,4406,4496,3868,3758,3838,3020,3230,2971,1943,2042,1787
371621,5742,5802,5862,6001,6011,6071,5852,5942,5882,5812,5812,5991,5712,5812,5812,3961,4486,4376,4486,4386,4486,3858,3788,3858,3030,3230,2951,1927,2077,1806
381621,5762,5782,5822,5972,6011,6041,5812,5932,5812,5772,5772,5972,5732,5762,5782,3974,4416,4376,4476,4386,4486,3868,3758,3838,3070,3220,2931,1937,2052,1841
391621,5742,5772,5792,5932,5942,6021,5812,5942,5812,5762,5762,5942,5692,5762,5772,3970,4436,4346,4496,4376,4466,3838,3768,3828,3000,3200,2931,1931,2062,1797
401621,5722,5732,5802,5912,5932,6001,5792,5902,5782,5782,5782,5922,5682,5732,5732,3942,4406,4356,4486,4346,4456,3838,3748,3818,3040,3230,2941,1937,2042,1790
411621,5682,5752,5782,5922,5892,6011,5772,5872,5772,5712,5712,5892,5652,5712,5712,3964,4406,4326,4446,4366,4446,3828,3758,3788,3000,3210,2931,1931,2062,1835
421621,5702,5702,5772,5912,5892,5991,5742,5882,5762,5712,5712,5862,5633,5712,5712,3922,4396,4326,4436,4356,4406,3838,3728,3818,3060,3220,2911,1931,2058,1800
431621,5652,5702,5762,5872,5882,5962,5712,5842,5752,5702,5702,5862,5633,5633,5692,3897,4396,4307,4446,4326,4416,3818,3738,3788,3020,3200,2911,1943,2065,1787
441621,5643,5712,5742,5882,5872,5932,5722,5842,5732,5702,5702,5832,5593,5662,5682,3913,4396,4287,4436,4336,4406,3848,3728,3818,3010,3180,2901,1937,2058,1790
451621,5643,5662,5732,5832,5872,5912,5712,5822,5692,5672,5672,5842,5583,5623,5643,3907,4366,4287,4416,4307,4446,3788,3738,3748,3030,3210,2921,1924,2042,1844
461621,5613,5662,5722,5782,5862,5932,5692,5792,5672,5652,5652,5852,5573,5623,5652,3878,4366,4257,4426,4307,4406,3798,3748,3778,3000,3190,2901,1943,2039,1816
471621,5603,5652,5722,5792,5862,5902,5672,5822,5702,5613,5613,5842,5553,5613,5633,3859,4346,4297,4416,4297,4396,3808,3708,3748,2971,3200,2911,1931,2052,1790
481621,5623,5662,5692,5792,5832,5902,5672,5762,5682,5633,5633,5812,5543,5593,5623,3878,4326,4227,4396,4317,4396,3798,3728,3768,3010,3200,2931,1956,2055,1800
491621,5583,5643,5702,5792,5812,5872,5643,5762,5662,5643,5643,5792,5543,5593,5583,3846,4326,4217,4396,4297,4396,3778,3708,3738,3000,3190,2931,1921,2036,1797
501621,5593,5603,5672,5762,5782,5862,5633,5762,5672,5593,5593,5792,5523,5543,5603,3836,4307,4217,4366,4287,4366,3758,3708,3708,3000,3170,2901,1915,2055,1781
511621,5593,5633,5652,5782,5782,5842,5652,5742,5643,5613,5613,5742,5503,5553,5553,3824,4307,4217,4346,4247,4336,3778,3698,3758,3000,3180,2921,1937,2036,1838
521621,5553,5603,5623,5762,5772,5842,5613,5732,5613,5553,5553,5762,5473,5503,5593,3846,4267,4187,4356,4227,4297,3798,3698,3718,2991,3160,2931,1912,2046,1809
531621,5553,5613,5652,5742,5762,5872,5633,5712,5613,5573,5573,5742,5483,5513,5563,3814,4287,4187,4336,4247,4326,3788,3678,3738,2981,3160,2931,1934,2023,1790
541621,5513,5573,5633,5742,5762,5852,5593,5732,5633,5573,5573,5702,5463,5493,5543,3804,4277,4167,4326,4237,4336,3788,3688,3728,2991,3190,2911,1912,2026,1784
551621,5543,5593,5633,5712,5742,5822,5603,5682,5613,5543,5543,5702,5443,5493,5543,3788,4237,4177,4326,4227,4307,3768,3688,3698,3000,3160,2911,1896,2039,1784
561621,5543,5583,5652,5702,5742,5802,5603,5692,5563,5563,5563,5662,5433,5523,5513,3782,4247,4137,4336,4217,4297,3768,3678,3758,3000,3170,2911,1918,2017,1797
571621,5533,5573,5633,5702,5712,5832,5553,5692,5603,5523,5523,5672,5483,5483,5523,3779,4237,4187,4336,4197,4287,3748,3658,3708,2991,3170,2911,1915,2026,1787
581621,5523,5573,5613,5702,5742,5792,5573,5692,5573,5523,5523,5662,5453,5493,5503,3792,4247,4167,4307,4207,4277,3738,3688,3708,2981,3210,2881,1908,2039,1765
591621,5523,5573,5633,5692,5752,5822,5553,5662,5563,5523,5523,5672,5443,5473,5503,3766,4207,4127,4317,4157,4277,3758,3668,3698,2991,3190,2881,1943,2052,1793
601621,5523,5583,5603,5692,5722,5772,5513,5652,5583,5513,5513,5652,5403,5473,5503,3766,4217,4127,4297,4187,4267,3738,3668,3708,2991,3170,2901,1896,2026,1809
611621,5513,5543,5603,5672,5682,5772,5563,5652,5533,5473,5473,5623,5433,5443,5493,3741,4187,4137,4267,4187,4237,3728,3649,3708,2971,3150,2901,1921,2023,1787
621621,5523,5533,5633,5643,5692,5762,5543,5662,5563,5503,5503,5593,5403,5443,5463,3725,4217,4097,4267,4157,4247,3758,3658,3688,3030,3170,2861,1934,2023,1790
631621,5473,5563,5573,5633,5742,5752,5533,5643,5543,5473,5473,5613,5423,5463,5493,3744,4157,4077,4287,4167,4267,3748,3658,3728,2981,3150,2871,1912,2017,1781
641621,5453,5543,5583,5662,5702,5762,5533,5623,5553,5503,5503,5603,5403,5443,5463,3734,4167,4097,4267,4167,4257,3728,3629,3658,2991,3180,2891,1896,2042,1803
651621,5493,5543,5573,5613,5682,5742,5513,5613,5553,5463,5463,5603,5423,5423,5453,3728,4157,4077,4267,4147,4257,3728,3629,3698,2981,3190,2851,1937,1998,1774
661621,5463,5543,5573,5613,5643,5722,5483,5603,5523,5453,5453,5543,5403,5433,5453,3721,4147,4097,4247,4177,4227,3708,3668,3698,2971,3160,2861,1902,2017,1803
671621,5463,5563,5573,5623,5682,5712,5493,5613,5493,5453,5453,5543,5413,5433,5443,3693,4137,4037,4237,4157,4247,3728,3599,3668,2991,3140,2901,1896,2030,1781
681621,5463,5553,5563,5603,5652,5712,5463,5583,5523,5453,5453,5553,5373,5413,5463,3699,4117,4087,4217,4107,4227,3728,3619,3668,2991,3170,2871,1934,2004,1781
691621,5493,5543,5553,5573,5672,5702,5483,5563,5493,5403,5403,5543,5373,5413,5453,3673,4127,4057,4227,4117,4207,3718,3629,3698,2961,3160,2891,1924,2030,1765
701621,5473,5523,5533,5613,5652,5672,5453,5563,5493,5433,5433,5503,5373,5393,5433,3689,4117,4057,4177,4107,4197,3718,3629,3668,2951,3190,2881,1896,2036,1781
711621,5463,5523,5533,5573,5633,5702,5493,5573,5493,5423,5423,5533,5363,5383,5433,3629,4107,4017,4207,4137,4207,3708,3649,3708,2981,3140,2871,1915,2023,1777
721621,5473,5533,5563,5603,5633,5692,5463,5563,5473,5403,5403,5503,5353,5383,5423,3642,4097,4007,4227,4097,4207,3688,3629,3668,2961,3170,2871,1889,2004,1777
731621,5423,5513,5533,5613,5623,5672,5433,5563,5463,5363,5363,5503,5363,5373,5423,3651,4097,4037,4187,4097,4207,3678,3599,3658,2941,3150,2871,1892,2020,1777
741621,5443,5513,5533,5593,5623,5652,5443,5543,5463,5383,5383,5483,5333,5373,5383,3645,4067,4007,4187,4087,4187,3708,3639,3668,2961,3190,2871,1883,2036,1768
751621,5443,5493,5493,5543,5623,5682,5423,5533,5493,5413,5413,5473,5353,5343,5413,3619,4087,4007,4177,4107,4137,3678,3619,3658,2971,3090,2841,1908,2033,1755
761621,5433,5523,5523,5563,5593,5643,5403,5563,5443,5393,5393,5463,5353,5363,5403,3632,4057,3968,4197,4087,4177,3718,3649,3658,2981,3120,2871,1883,2033,1774
771621,5423,5483,5513,5563,5603,5662,5413,5513,5443,5413,5413,5483,5373,5343,5383,3613,4077,3968,4167,4127,4167,3668,3609,3649,2961,3140,2901,1908,2023,1790
781621,5453,5553,5543,5563,5603,5672,5363,5503,5433,5383,5383,5483,5314,5333,5383,3629,4047,3968,4167,4067,4177,3708,3619,3658,2951,3160,2881,1905,1998,1752
791621,5403,5503,5523,5543,5613,5633,5423,5533,5393,5363,5363,5473,5323,5343,5353,3606,4037,3958,4147,4057,4147,3668,3609,3629,2931,3140,2871,1899,2001,1777
801621,5453,5483,5513,5533,5593,5603,5413,5523,5423,5333,5333,5453,5343,5333,5373,3600,4007,3938,4167,4077,4147,3698,3639,3649,2961,3140,2871,1886,1998,1771
811621,5433,5463,5483,5533,5593,5643,5383,5523,5423,5343,5343,5443,5323,5343,5333,3568,4007,3948,4177,4057,4137,3678,3609,3658,2961,3140,2861,1899,2004,1771
821621,5403,5473,5533,5533,5583,5643,5383,5513,5383,5304,5304,5383,5294,5353,5353,3555,4007,3898,4127,4037,4137,3668,3599,3629,2941,3130,2831,1905,1998,1790
831621,5413,5483,5523,5533,5553,5633,5383,5503,5413,5304,5304,5453,5294,5294,5323,3562,3978,3918,4157,4037,4127,3688,3609,3639,2981,3130,2851,1896,2033,1761
841621,5393,5493,5513,5533,5583,5593,5413,5463,5363,5353,5353,5403,5284,5314,5333,3546,3958,3918,4137,4007,4137,3658,3599,3649,2941,3160,2851,1870,2007,1755
851621,5403,5453,5523,5533,5563,5613,5353,5503,5403,5304,5304,5403,5274,5323,5343,3520,3968,3878,4107,4047,4107,3698,3589,3629,2951,3170,2861,1873,1985,1758
861621,5413,5463,5483,5533,5573,5613,5363,5453,5393,5294,5294,5393,5304,5294,5333,3552,3938,3888,4127,4057,4087,3688,3609,3619,2941,3110,2841,1892,1991,1739
871621,5403,5463,5493,5493,5583,5623,5343,5483,5373,5314,5314,5383,5264,5294,5323,3533,3958,3858,4147,4017,4097,3649,3609,3599,2961,3130,2861,1912,1991,1755
881621,5373,5463,5473,5513,5543,5603,5333,5463,5343,5314,5314,5353,5264,5294,5314,3539,3958,3868,4117,3988,4117,3708,3589,3619,2951,3130,2851,1870,2004,1736
891621,5363,5453,5503,5493,5563,5593,5363,5453,5353,5323,5323,5373,5244,5304,5333,3539,3908,3868,4117,4007,4107,3668,3589,3619,2931,3120,2871,1892,2001,1755
901621,5383,5423,5503,5503,5523,5593,5353,5443,5393,5284,5284,5353,5274,5294,5304,3501,3918,3848,4117,4007,4067,3688,3599,3619,2951,3150,2871,1880,1988,1758
911621,5363,5453,5493,5453,5533,5563,5353,5413,5353,5323,5323,5343,5234,5264,5274,3523,3908,3838,4107,3997,4077,3668,3619,3619,2931,3150,2851,1876,1985,1746
921621,5383,5453,5513,5473,5563,5593,5323,5453,5353,5284,5284,5353,5274,5254,5264,3511,3888,3788,4087,3997,4087,3649,3589,3619,2961,3100,2841,1892,2001,1781
931621,5373,5423,5463,5463,5543,5593,5294,5433,5323,5294,5294,5353,5254,5254,5264,3492,3898,3798,4087,3997,4127,3658,3579,3609,2931,3160,2831,1902,1979,1752
941621,5363,5443,5473,5453,5513,5543,5353,5413,5353,5304,5304,5323,5234,5244,5274,3463,3888,3778,4097,3997,4057,3649,3569,3629,2941,3120,2841,1870,2014,1765
951621,5363,5463,5473,5493,5523,5543,5323,5443,5333,5244,5244,5353,5234,5264,5284,3466,3868,3788,4087,3988,4057,3668,3609,3629,2941,3120,2841,1873,1988,1781
961621,5373,5453,5473,5463,5533,5563,5294,5433,5323,5244,5244,5323,5224,5234,5254,3463,3868,3768,4107,3988,4057,3629,3599,3619,2941,3120,2841,1880,1998,1730
971621,5373,5413,5453,5463,5503,5553,5323,5403,5353,5244,5244,5343,5234,5224,5284,3447,3838,3758,4077,3988,4067,3649,3569,3599,2941,3120,2841,1873,1995,1790
981621,5343,5463,5493,5463,5503,5543,5304,5423,5333,5254,5254,5314,5224,5224,5274,3421,3808,3758,4057,3988,4027,3649,3589,3629,2941,3130,2841,1886,1988,1755
991621,5343,5393,5463,5473,5513,5593,5304,5413,5333,5234,5234,5343,5204,5214,5284,3434,3798,3748,4067,3948,4027,3658,3579,3629,2951,3090,2851,1899,1988,1733
1001621,5323,5433,5453,5443,5503,5573,5294,5423,5323,5244,5244,5323,5234,5204,5254,3405,3788,3738,4027,3958,4047,3629,3569,3609,2951,3120,2821,1880,2007,1739
1011621,5333,5423,5453,5433,5493,5543,5314,5423,5343,5264,5264,5294,5204,5224,5264,3425,3808,3728,4067,3958,4047,3658,3589,3639,2931,3110,2841,1860,1991,1758
1021621,5333,5423,5443,5453,5513,5523,5294,5383,5304,5234,5234,5284,5214,5244,5254,3425,3768,3698,4057,3948,4057,3658,3569,3589,2941,3090,2801,1864,1998,1758
1031621,5294,5433,5453,5433,5493,5543,5314,5423,5294,5224,5224,5264,5194,5194,5254,3396,3768,3718,4057,3958,4037,3649,3539,3619,2911,3130,2811,1870,1988,1736
1041621,5314,5423,5453,5433,5443,5533,5294,5393,5304,5224,5224,5304,5174,5204,5214,3386,3738,3688,4067,3978,4047,3629,3549,3609,2931,3120,2831,1835,1985,1742
1051621,5363,5423,5443,5433,5483,5543,5284,5383,5304,5224,5224,5314,5194,5214,5224,3367,3758,3668,4047,3958,3988,3658,3539,3579,2951,3120,2821,1854,1953,1733
1061621,5323,5393,5403,5443,5483,5513,5294,5353,5314,5224,5224,5274,5144,5194,5204,3357,3738,3639,4057,3928,4037,3649,3549,3579,2911,3090,2791,1860,1959,1749
1071621,5314,5413,5423,5453,5483,5513,5264,5393,5323,5214,5214,5254,5184,5214,5214,3351,3698,3629,4037,3938,4037,3629,3569,3589,2931,3120,2811,1851,1969,1758
1081621,5304,5393,5423,5393,5513,5523,5284,5363,5274,5204,5204,5264,5184,5174,5234,3357,3678,3639,4047,3948,4027,3629,3559,3589,2931,3120,2831,1860,1979,1714
1091621,5343,5393,5403,5413,5473,5513,5264,5383,5304,5194,5194,5294,5164,5174,5224,3322,3678,3599,4067,3928,4037,3658,3539,3559,2941,3100,2811,1889,1995,1761
1101621,5304,5413,5403,5403,5453,5503,5284,5373,5284,5194,5194,5244,5164,5174,5244,3338,3678,3599,4017,3938,4007,3639,3569,3609,2911,3130,2841,1857,1956,1749
1111621,5274,5383,5423,5383,5463,5513,5274,5373,5264,5184,5184,5244,5174,5154,5204,3316,3668,3599,4027,3928,4007,3649,3559,3559,2941,3090,2841,1867,1966,1768
1121621,5284,5403,5393,5423,5463,5513,5264,5363,5294,5184,5184,5254,5174,5164,5194,3284,3609,3589,4017,3928,3997,3639,3569,3599,2911,3110,2811,1880,2001,1723
1131621,5314,5363,5423,5423,5453,5473,5254,5363,5304,5214,5214,5274,5134,5184,5204,3300,3639,3579,4027,3918,3997,3658,3539,3579,2921,3130,2851,1854,1991,1733
1141621,5274,5383,5393,5393,5443,5503,5244,5343,5274,5194,5194,5254,5154,5184,5194,3287,3609,3539,4017,3928,4017,3609,3529,3599,2941,3100,2811,1825,1943,1761
1151621,5304,5373,5413,5403,5443,5493,5244,5353,5274,5204,5204,5254,5144,5204,5184,3243,3599,3559,3988,3948,3997,3649,3559,3579,2911,3110,2801,1848,1947,1739
1161621,5264,5423,5413,5383,5443,5533,5234,5343,5264,5174,5174,5264,5154,5164,5204,3271,3589,3529,4017,3928,3968,3649,3529,3589,2911,3090,2801,1867,1972,1742
1171621,5294,5363,5393,5403,5463,5503,5214,5304,5264,5184,5184,5224,5134,5134,5194,3252,3579,3489,3978,3908,3997,3619,3559,3569,2931,3110,2821,1851,1972,1733
1181621,5264,5363,5433,5413,5453,5503,5244,5363,5254,5174,5174,5224,5134,5134,5174,3227,3559,3479,3988,3888,3968,3639,3539,3599,2911,3090,2801,1835,1963,1736
1191621,5244,5353,5383,5403,5463,5483,5224,5304,5264,5124,5124,5234,5124,5154,5164,3211,3529,3429,4007,3888,3978,3609,3529,3569,2921,3070,2821,1835,1972,1720
1201621,5284,5353,5393,5383,5453,5473,5234,5363,5254,5174,5174,5224,5104,5124,5174,3217,3529,3459,3997,3908,3958,3609,3529,3589,2901,3090,2791,1848,1979,1739
1211621,5254,5373,5383,5403,5433,5473,5204,5323,5224,5144,5144,5194,5114,5134,5184,3185,3529,3449,3988,3898,3988,3619,3539,3589,2911,3080,2811,1841,1966,1720
1221621,5284,5333,5363,5373,5403,5443,5234,5304,5224,5174,5174,5224,5134,5144,5164,3195,3509,3449,3988,3928,4007,3629,3559,3569,2911,3090,2811,1835,1963,1742
1231621,5274,5343,5363,5393,5433,5453,5204,5333,5244,5154,5154,5194,5114,5144,5144,3166,3499,3409,3997,3888,3988,3619,3549,3559,2901,3110,2821,1848,1966,1707
1241621,5254,5343,5353,5353,5423,5463,5224,5323,5244,5144,5144,5204,5094,5114,5134,3156,3489,3419,3978,3898,3978,3629,3529,3559,2881,3100,2821,1841,1963,1714
1251621,5214,5363,5363,5373,5423,5483,5204,5333,5234,5154,5154,5204,5094,5144,5154,3166,3479,3399,3958,3868,3978,3668,3529,3569,2901,3070,2841,1844,1979,1733
1261621,5214,5373,5373,5363,5423,5453,5204,5343,5224,5114,5114,5184,5104,5124,5114,3115,3449,3399,3978,3878,3948,3619,3549,3559,2881,3090,2811,1851,1969,1742
1271621,5234,5343,5363,5363,5423,5463,5214,5314,5234,5164,5164,5184,5104,5104,5134,3140,3439,3359,3978,3898,3978,3589,3539,3549,2931,3120,2821,1841,1956,1746
1281621,5244,5333,5353,5363,5393,5453,5204,5323,5234,5164,5164,5204,5094,5084,5144,3118,3409,3379,3978,3878,3948,3589,3529,3589,2881,3090,2811,1825,1947,1720
1291621,5214,5284,5363,5373,5403,5473,5204,5323,5224,5144,5144,5164,5084,5114,5144,3102,3429,3349,3968,3868,3918,3599,3519,3549,2891,3090,2791,1841,1927,1720
1301621,5204,5323,5333,5383,5413,5453,5214,5314,5244,5124,5124,5164,5094,5084,5144,3102,3419,3300,3988,3858,3938,3589,3499,3559,2881,3100,2791,1825,1950,1739
1311621,5204,5304,5353,5343,5423,5433,5194,5294,5224,5104,5104,5174,5084,5104,5124,3093,3349,3310,3948,3888,3968,3579,3529,3589,2881,3080,2831,1841,1963,1726
1321621,5214,5304,5363,5353,5423,5443,5194,5294,5244,5104,5104,5174,5074,5084,5114,3064,3339,3260,3928,3868,3958,3609,3529,3549,2871,3090,2801,1857,1959,1742
1331621,5194,5323,5373,5353,5423,5443,5194,5284,5204,5084,5084,5164,5094,5104,5144,3067,3339,3290,3968,3878,3938,3639,3539,3539,2891,3080,2791,1825,1969,1704
1341621,5184,5333,5343,5343,5353,5423,5184,5304,5224,5104,5104,5144,5044,5074,5114,3048,3359,3280,3928,3878,3958,3589,3519,3569,2881,3090,2821,1844,1969,1723
1351621,5194,5284,5343,5353,5413,5433,5174,5274,5204,5094,5094,5144,5094,5104,5124,3045,3329,3280,3958,3898,3938,3599,3509,3589,2881,3050,2811,1832,1940,1736
1361621,5194,5314,5343,5323,5413,5433,5184,5304,5204,5114,5114,5174,5084,5084,5134,3054,3349,3250,3938,3878,3948,3619,3529,3579,2891,3090,2791,1832,1931,1710
1371621,5174,5294,5343,5353,5373,5433,5224,5294,5194,5144,5144,5184,5064,5074,5114,3026,3320,3240,3968,3878,3938,3599,3509,3589,2901,3060,2791,1829,1959,1726
1381621,5164,5314,5314,5323,5393,5433,5164,5294,5224,5124,5124,5144,5084,5084,5094,3029,3290,3210,3978,3868,3948,3599,3539,3529,2881,3070,2811,1844,1937,1694
1391621,5164,5284,5314,5333,5363,5473,5174,5294,5264,5114,5114,5184,5044,5084,5114,3006,3320,3200,3968,3888,3938,3589,3519,3549,2871,3060,2801,1841,1931,1730
1401621,5194,5284,5333,5333,5383,5433,5174,5314,5174,5124,5124,5154,5034,5094,5104,2984,3280,3180,3948,3888,3928,3589,3509,3559,2891,3060,2801,1825,1931,1704
1411621,5164,5314,5304,5314,5373,5423,5194,5294,5214,5074,5074,5134,5054,5084,5124,2987,3290,3180,3948,3858,3918,3589,3519,3559,2871,3080,2791,1816,1956,1736
1421621,5174,5284,5323,5323,5383,5413,5164,5284,5224,5084,5084,5144,5084,5094,5094,2939,3260,3170,3918,3838,3948,3569,3489,3519,2881,3090,2801,1841,1950,1710
1431621,5144,5314,5323,5264,5403,5423,5184,5274,5154,5064,5064,5154,5054,5074,5094,2978,3260,3160,3928,3838,3918,3579,3509,3549,2861,3080,2821,1822,1953,1733
1441621,5174,5284,5323,5343,5363,5433,5174,5284,5194,5094,5094,5094,5054,5044,5084,2978,3230,3130,3898,3818,3918,3609,3529,3539,2871,3070,2791,1841,1943,1707
1451621,5164,5323,5314,5323,5373,5463,5144,5284,5194,5074,5074,5114,5044,5024,5094,2936,3190,3110,3938,3858,3918,3599,3499,3519,2871,3070,2791,1835,1953,1710
1461621,5124,5284,5323,5323,5343,5403,5174,5254,5194,5094,5094,5144,5034,5084,5074,2923,3200,3120,3908,3828,3908,3589,3489,3529,2891,3070,2781,1841,1937,1707
1471621,5134,5323,5343,5323,5373,5423,5174,5224,5154,5064,5064,5124,5024,5034,5064,2917,3200,3100,3918,3838,3918,3579,3509,3559,2891,3060,2801,1844,1931,1710
1481621,5164,5254,5274,5343,5383,5403,5164,5264,5204,5074,5074,5124,5064,5064,5084,2920,3180,3090,3908,3798,3948,3619,3489,3549,2881,3060,2761,1832,1908,1701
1491621,5114,5274,5284,5314,5353,5403,5144,5284,5184,5064,5064,5104,5044,5054,5084,2891,3180,3110,3918,3818,3908,3599,3509,3519,2901,3030,2791,1803,1943,1707
1501621,5114,5274,5314,5333,5383,5413,5164,5244,5184,5074,5074,5124,5024,5024,5064,2907,3170,3060,3918,3818,3888,3599,3499,3539,2891,3070,2781,1835,1934,1717
1511621,5124,5294,5323,5304,5413,5423,5144,5264,5184,5044,5044,5114,5054,5054,5074,2879,3150,3050,3898,3818,3908,3619,3479,3509,2891,3060,2771,1816,1950,1707
1521621,5124,5244,5284,5323,5383,5413,5184,5234,5174,5034,5034,5114,4985,5034,5074,2888,3150,3070,3918,3818,3878,3579,3479,3499,2851,3050,2791,1800,1934,1714
1531621,5114,5264,5294,5304,5363,5413,5124,5254,5164,5064,5064,5124,5004,5034,5074,2863,3140,3050,3898,3828,3908,3549,3479,3549,2851,3040,2771,1809,1947,1710
1541621,5104,5274,5284,5323,5373,5423,5134,5244,5184,5054,5054,5104,5024,5054,5054,2856,3120,3040,3918,3798,3908,3579,3499,3569,2871,3060,2791,1838,1931,1698
1551621,5094,5244,5284,5314,5373,5423,5144,5254,5174,5064,5064,5104,5044,5024,5084,2850,3110,3020,3888,3808,3898,3589,3499,3529,2871,3040,2771,1806,1937,1701
1561621,5104,5254,5274,5333,5304,5393,5144,5234,5154,5024,5024,5104,5054,5024,5064,2850,3080,3030,3878,3798,3878,3589,3469,3549,2901,3030,2771,1806,1927,1701
1571621,5084,5244,5284,5294,5383,5383,5124,5234,5174,5064,5064,5104,5034,4994,5064,2831,3090,3000,3878,3818,3878,3589,3479,3559,2871,3050,2801,1844,1937,1688
1581621,5084,5254,5284,5294,5363,5403,5134,5254,5164,5054,5054,5104,5004,5034,5064,2840,3060,2981,3888,3818,3898,3569,3469,3539,2871,3070,2771,1822,1924,1704
1591621,5094,5254,5264,5323,5353,5363,5144,5254,5144,5084,5084,5084,5004,5034,5034,2856,3110,2991,3888,3808,3868,3609,3469,3519,2891,3070,2771,1813,1934,1720
1601621,5064,5264,5274,5304,5333,5403,5104,5224,5154,5074,5074,5084,5014,5024,5044,2831,3060,2981,3898,3808,3908,3589,3499,3539,2851,3050,2811,1806,1905,1688
1611621,5094,5214,5294,5304,5333,5383,5124,5224,5154,5064,5064,5084,5014,5004,5074,2786,3050,2971,3888,3808,3898,3549,3509,3519,2851,3060,2771,1816,1915,1691
1621621,5084,5214,5244,5274,5343,5383,5154,5244,5134,5074,5074,5094,5014,4994,5064,2796,3050,2981,3888,3798,3898,3569,3489,3509,2891,3080,2781,1806,1931,1707
1631621,5054,5224,5264,5284,5373,5393,5134,5214,5164,5054,5054,5034,5004,4975,5064,2786,3050,2941,3878,3798,3878,3579,3489,3539,2821,3060,2771,1813,1937,1736
1641621,5084,5224,5254,5314,5333,5403,5124,5214,5144,5064,5064,5084,4985,4975,5064,2761,3000,2931,3888,3808,3858,3569,3459,3529,2881,3050,2771,1816,1947,1736
1651621,5044,5224,5274,5284,5343,5383,5144,5264,5164,5054,5054,5094,5014,5004,5044,2799,3020,2951,3888,3778,3878,3569,3479,3539,2841,3070,2801,1829,1940,1694
1661621,5034,5194,5234,5284,5343,5393,5114,5224,5174,5054,5054,5094,4945,5024,5054,2764,3010,2921,3868,3798,3848,3589,3499,3529,2831,3040,2781,1822,1918,1688
1671621,5054,5214,5244,5323,5363,5373,5104,5254,5144,5034,5034,5074,5004,5024,5044,2761,2981,2931,3888,3808,3868,3559,3489,3509,2891,3030,2761,1841,1934,1704
1681621,5064,5214,5264,5304,5314,5363,5114,5244,5124,5064,5064,5104,4985,5004,5064,2748,2981,2901,3868,3778,3898,3539,3439,3509,2871,3040,2721,1803,1931,1707
1691621,5064,5204,5224,5284,5323,5373,5094,5214,5154,4985,4985,5064,5004,5024,5034,2735,2971,2931,3908,3798,3858,3569,3469,3519,2841,3070,2751,1803,1921,1726
1701621,5024,5214,5254,5274,5333,5383,5124,5234,5154,5044,5044,5064,4994,5014,5034,2732,2971,2911,3858,3808,3898,3559,3489,3529,2861,3050,2741,1809,1908,1682
1711621,5004,5224,5244,5264,5333,5393,5124,5234,5144,5034,5034,5104,4994,4994,5044,2725,2951,2901,3888,3798,3898,3579,3459,3549,2881,3040,2791,1835,1927,1701
1721621,5024,5194,5234,5304,5333,5383,5084,5234,5144,5014,5014,5094,4975,4985,5034,2738,2951,2891,3858,3808,3818,3579,3459,3539,2861,3010,2761,1835,1883,1675
1731621,4994,5204,5224,5274,5314,5383,5124,5214,5144,5024,5024,5074,4985,4975,5024,2722,2961,2861,3868,3788,3878,3569,3489,3499,2861,3040,2771,1825,1912,1701
1741621,5024,5224,5224,5284,5314,5373,5104,5224,5134,5034,5034,5064,5014,4975,5004,2710,2911,2871,3868,3778,3858,3579,3489,3539,2841,3060,2761,1790,1902,1714
1751621,5014,5194,5194,5294,5333,5393,5104,5214,5114,5064,5064,5044,4945,4965,5044,2700,2931,2861,3858,3808,3858,3549,3479,3509,2871,3020,2771,1819,1921,1710
1761621,5014,5204,5194,5284,5353,5383,5124,5224,5144,5034,5034,5074,4975,4985,5024,2713,2931,2871,3888,3768,3848,3569,3469,3509,2841,3050,2741,1793,1902,1691
1771621,5004,5184,5214,5274,5314,5373,5144,5224,5134,5044,5044,5054,4975,4994,5004,2687,2901,2841,3848,3778,3828,3569,3459,3519,2851,3050,2751,1797,1927,1678
1781621,4994,5204,5234,5264,5323,5373,5114,5234,5134,5024,5024,5044,4965,4965,5014,2674,2941,2851,3878,3808,3838,3569,3479,3509,2851,3060,2781,1822,1927,1688
1791621,4975,5204,5184,5274,5353,5353,5104,5244,5144,5034,5034,5084,4994,4965,5014,2671,2871,2841,3868,3778,3898,3589,3489,3519,2851,3060,2761,1825,1927,1717
1801621,4985,5194,5194,5294,5353,5373,5124,5234,5164,5024,5024,5044,4945,4965,4994,2681,2921,2811,3868,3788,3848,3569,3469,3479,2861,3050,2771,1800,1915,1707
1811621,4965,5164,5174,5244,5284,5353,5094,5214,5104,5024,5024,5064,4955,4965,5024,2649,2881,2791,3878,3768,3848,3539,3439,3489,2851,3020,2741,1797,1943,1701
1821621,4985,5164,5174,5234,5323,5373,5094,5204,5124,5014,5014,5044,4935,4955,5024,2665,2901,2841,3818,3768,3858,3569,3469,3549,2821,3000,2741,1825,1924,1717
1831621,4994,5174,5214,5254,5323,5363,5094,5204,5134,5014,5014,5074,4945,4985,5004,2642,2851,2821,3868,3788,3828,3539,3489,3519,2891,3040,2731,1813,1918,1691
1841621,4925,5144,5174,5264,5323,5363,5104,5194,5124,5034,5034,5034,4945,4985,5024,2636,2901,2781,3858,3758,3838,3529,3439,3509,2861,3030,2751,1800,1915,1672
1851621,4965,5174,5194,5244,5323,5323,5084,5184,5134,5044,5044,5024,4985,4965,4985,2652,2861,2811,3868,3778,3858,3569,3449,3499,2841,3010,2741,1813,1918,1682
1861621,4965,5154,5194,5264,5304,5343,5114,5204,5144,5024,5024,5074,4945,4955,5024,2617,2851,2791,3838,3768,3858,3559,3449,3529,2851,3030,2771,1800,1912,1701
1871621,4945,5164,5164,5284,5323,5363,5094,5224,5144,5024,5024,5044,4985,4985,5014,2620,2891,2791,3848,3748,3828,3559,3459,3479,2841,3040,2761,1797,1883,1666
1881621,4965,5164,5184,5244,5323,5363,5104,5194,5154,5014,5014,5014,4935,4955,5024,2633,2871,2761,3848,3758,3858,3549,3489,3489,2831,3030,2771,1781,1921,1688
1891621,4935,5164,5174,5264,5304,5343,5084,5214,5114,5024,5024,5024,4925,4975,5004,2620,2851,2731,3858,3758,3838,3549,3449,3519,2831,3030,2731,1819,1915,1714
1901621,4945,5184,5174,5244,5323,5373,5074,5184,5134,4985,4985,5054,4955,4965,5014,2601,2811,2781,3878,3758,3838,3519,3479,3529,2841,3010,2761,1781,1896,1678
1911621,4945,5164,5174,5234,5323,5373,5094,5194,5094,4994,4994,5004,4965,4955,4994,2598,2841,2741,3848,3758,3798,3549,3459,3519,2821,3040,2781,1790,1921,1707
1921621,4915,5154,5184,5254,5323,5343,5074,5204,5154,5004,5004,5044,4985,4925,5014,2604,2841,2771,3828,3738,3828,3539,3469,3499,2861,3020,2781,1781,1905,1685
1931621,4935,5134,5154,5254,5304,5353,5094,5214,5104,5044,5044,5054,4945,4985,5004,2588,2801,2751,3828,3778,3838,3579,3479,3519,2841,3000,2741,1793,1915,1678
1941621,4895,5174,5154,5264,5274,5353,5074,5204,5114,4994,4994,5054,4935,4955,4994,2591,2801,2721,3838,3748,3818,3539,3429,3499,2871,3030,2761,1777,1927,1659
1951621,4915,5154,5154,5264,5294,5353,5094,5214,5134,5004,5004,5034,4955,4955,5034,2582,2811,2721,3838,3738,3828,3559,3449,3519,2851,3050,2751,1771,1886,1685
1961621,4885,5144,5134,5274,5304,5323,5094,5174,5134,4994,4994,5044,4945,4955,4994,2556,2801,2721,3838,3758,3828,3539,3449,3489,2851,3020,2741,1774,1896,1691
1971621,4895,5164,5094,5254,5304,5383,5094,5194,5114,4994,4994,5014,4915,4935,4985,2566,2771,2741,3828,3738,3838,3549,3459,3499,2861,3020,2751,1761,1905,1682
1981621,4915,5104,5174,5234,5274,5353,5084,5184,5084,5004,5004,5044,4915,4905,4985,2566,2791,2741,3838,3748,3828,3539,3479,3519,2841,3040,2781,1781,1896,1685
1991621,4905,5124,5124,5234,5294,5333,5094,5184,5134,5004,5004,5014,4935,4945,5014,2544,2781,2711,3838,3718,3848,3559,3429,3469,2831,3000,2731,1809,1899,1682
2001621,4865,5144,5124,5234,5264,5343,5114,5214,5114,5004,5004,5014,4915,4935,4975,2537,2761,2731,3858,3738,3808,3569,3439,3509,2851,3010,2751,1803,1902,1678
